time,h,v
0.0,1.0,0.0
0.000225,1.0,-0.00220725
0.00045,0.99999950336875,-0.0044145
0.000675,0.99999851010625,-0.006621750000000001
0.0009,0.9999970202124999,-0.008829
0.001125,0.9999950336874999,-0.01103625
0.00135,0.9999925505312499,-0.013243500000000002
0.001575,0.99998957074375,-0.015450750000000001
0.0018,0.999986094325,-0.017658
0.002025,0.999982121275,-0.01986525
0.00225,0.99997765159375,-0.022072500000000002
0.0024749999999999998,0.9999726852812499,-0.024279750000000003
0.0027,0.9999672223374999,-0.026487000000000007
0.002925,0.9999612627624999,-0.028694250000000008
0.00315,0.9999548065562499,-0.03090150000000001
0.003375,0.99994785371875,-0.033108750000000006
0.0036,0.99994040425,-0.03531600000000001
0.003825,0.99993245815,-0.03752325000000001
0.00405,0.99992401541875,-0.03973050000000001
0.004275,0.99991507605625,-0.04193775000000001
0.0045,0.9999056400624999,-0.044145000000000004
0.004725,0.9998957074374999,-0.046352250000000005
0.0049499999999999995,0.9998852781812498,-0.0485595
0.005175,0.9998743522937499,-0.05076675
0.0054,0.9998629297749999,-0.052974
0.005625,0.9998510106249999,-0.055181249999999994
0.00585,0.9998385948437499,-0.057388499999999995
0.006075,0.9998256824312499,-0.05959574999999999
0.0063,0.9998122733874999,-0.06180299999999999
0.0065249999999999996,0.9997983677124999,-0.06401024999999999
0.00675,0.9997839654062498,-0.0662175
0.006974999999999999,0.9997690664687499,-0.06842474999999999
0.0072,0.9997536708999999,-0.070632
0.007425,0.9997377786999999,-0.07283925000000001
0.00765,0.9997213898687499,-0.0750465
0.007875,0.9997045044062499,-0.07725375000000001
0.0081,0.9996871223124999,-0.079461
0.008324999999999999,0.9996692435874999,-0.08166825
0.00855,0.9996508682312498,-0.0838755
0.008775,0.9996319962437499,-0.08608275
0.009,0.9996126276249999,-0.08829
0.009225,0.9995927623749999,-0.09049725
0.00945,0.99957240049375,-0.0927045
0.009675,0.99955154198125,-0.09491174999999999
0.009899999999999999,0.9995301868375,-0.09711899999999998
0.010125,0.9995083350624999,-0.09932624999999999
0.01035,0.9994859866562499,-0.10153349999999998
0.010575,0.9994631416187498,-0.10374074999999998
0.0108,0.9994397999499999,-0.10594799999999999
0.011025,0.9994159616499999,-0.10815524999999998
0.01125,0.9993916267187499,-0.11036249999999997
0.011474999999999999,0.9993667951562499,-0.11256974999999997
0.0117,0.9993414669624999,-0.11477699999999998
0.011925,0.9993156421374999,-0.11698424999999997
0.01215,0.9992893206812499,-0.11919149999999996
0.012374999999999999,0.9992625025937498,-0.12139874999999996
0.0126,0.9992351878749999,-0.12360599999999997
0.012825,0.9992073765249999,-0.12581324999999996
0.013049999999999999,0.9991790685437499,-0.12802049999999995
0.013275,0.99915026393125,-0.13022774999999998
0.0135,0.9991209626875,-0.13243499999999997
0.013725,0.9990911648124999,-0.13464224999999996
0.013949999999999999,0.9990608703062499,-0.13684949999999996
0.014175,0.9990300791687499,-0.13905674999999998
0.0144,0.9989987913999998,-0.14126399999999997
0.014624999999999999,0.9989670069999999,-0.14347124999999997
0.01485,0.9989347259687499,-0.1456785
0.015075,0.9989019483062499,-0.14788574999999998
0.0153,0.9988686740124999,-0.15009299999999998
0.015524999999999999,0.9988349030874999,-0.15230024999999997
0.01575,0.9988006355312499,-0.1545075
0.015975,0.9987658713437498,-0.15671474999999999
0.0162,0.9987306105249998,-0.15892199999999998
0.016425,0.9986948530749998,-0.16112924999999997
0.016649999999999998,0.9986585989937499,-0.16333649999999997
0.016875,0.9986218482812499,-0.16554375
0.0171,0.9985846009374999,-0.16775099999999998
0.017325,0.9985468569624999,-0.16995824999999998
0.01755,0.9985086163562499,-0.17216549999999997
0.017775,0.9984698791187498,-0.17437274999999997
0.018,0.9984306452499998,-0.17657999999999996
0.018224999999999998,0.9983909147499999,-0.17878724999999995
0.01845,0.9983506876187499,-0.18099449999999997
0.018675,0.9983099638562499,-0.18320174999999997
0.0189,0.9982687434624999,-0.18540899999999996
0.019125,0.9982270264374999,-0.18761624999999996
0.01935,0.9981848127812499,-0.18982349999999995
0.019575,0.9981421024937499,-0.19203074999999994
0.019799999999999998,0.9980988955749999,-0.19423799999999994
0.020025,0.9980551920249998,-0.19644524999999996
0.02025,0.9980109918437499,-0.19865249999999995
0.020475,0.9979662950312499,-0.20085974999999995
0.0207,0.9979211015874999,-0.20306699999999994
0.020925,0.9978754115124999,-0.20527424999999994
0.02115,0.9978292248062499,-0.20748149999999993
0.021374999999999998,0.9977825414687499,-0.20968874999999992
0.0216,0.9977353614999999,-0.21189599999999995
0.021825,0.9976876848999998,-0.21410324999999994
0.02205,0.9976395116687499,-0.21631049999999993
0.022275,0.9975908418062499,-0.21851774999999993
0.0225,0.9975416753124999,-0.22072499999999992
0.022725,0.9974920121874999,-0.22293224999999992
0.022949999999999998,0.9974418524312499,-0.2251394999999999
0.023174999999999998,0.9973911960437499,-0.2273467499999999
0.0234,0.9973400430249999,-0.22955399999999992
0.023625,0.9972883933749999,-0.23176124999999992
0.02385,0.9972362470937498,-0.2339684999999999
0.024075,0.9971836041812498,-0.2361757499999999
0.0243,0.9971304646374999,-0.2383829999999999
0.024524999999999998,0.9970768284624999,-0.2405902499999999
0.024749999999999998,0.9970226956562499,-0.2427974999999999
0.024975,0.9969680662187499,-0.2450047499999999
0.0252,0.9969129401499999,-0.2472119999999999
0.025425,0.9968573174499998,-0.2494192499999999
0.02565,0.9968011981187498,-0.2516264999999999
0.025875,0.9967445821562498,-0.2538337499999999
0.026099999999999998,0.9966874695624999,-0.2560409999999999
0.026324999999999998,0.9966298603374999,-0.2582482499999999
0.02655,0.9965717544812499,-0.26045549999999995
0.026775,0.9965131519937499,-0.26266274999999994
0.027,0.9964540528749999,-0.26486999999999994
0.027225,0.9963944571249999,-0.26707724999999993
0.02745,0.9963343647437498,-0.2692844999999999
0.027674999999999998,0.9962737757312499,-0.2714917499999999
0.027899999999999998,0.9962126900874999,-0.2736989999999999
0.028125,0.9961511078124999,-0.27590624999999996
0.02835,0.99608902890625,-0.27811349999999996
0.028575,0.99602645336875,-0.28032074999999995
0.0288,0.9959633811999999,-0.28252799999999995
0.029025,0.9958998123999999,-0.28473524999999994
0.029249999999999998,0.9958357469687499,-0.28694249999999993
0.029474999999999998,0.9957711849062498,-0.2891497499999999
0.0297,0.9957061262124999,-0.291357
0.029925,0.9956405708874999,-0.29356424999999997
0.03015,0.9955745189312499,-0.29577149999999996
0.030375,0.9955079703437499,-0.29797874999999996
0.0306,0.9954409251249999,-0.30018599999999995
0.030824999999999998,0.9953733832749999,-0.30239324999999995
0.031049999999999998,0.9953053447937499,-0.30460049999999994
0.031275,0.9952368096812498,-0.30680774999999993
0.0315,0.9951677779374999,-0.309015
0.031724999999999996,0.9950982495624999,-0.3112222499999999
0.03195,0.99502822455625,-0.31342949999999997
0.032175,0.99495770291875,-0.31563675
0.0324,0.99488668465,-0.31784399999999996
0.032625,0.99481516975,-0.32005125
0.03285,0.9947431582187499,-0.32225849999999995
0.033075,0.9946706500562499,-0.32446575
0.033299999999999996,0.9945976452624998,-0.32667299999999994
0.033525,0.9945241438374999,-0.32888025
0.03375,0.9944501457812499,-0.33108750000000003
0.033975,0.9943756510937499,-0.33329475
0.0342,0.9943006597749999,-0.335502
0.034425,0.9942251718249999,-0.33770924999999996
0.03465,0.9941491872437499,-0.3399165
0.034874999999999996,0.9940727060312499,-0.34212374999999995
0.0351,0.9939957281874998,-0.344331
0.035325,0.9939182537124999,-0.34653825000000005
0.03555,0.9938402826062499,-0.3487455
0.035775,0.9937618148687499,-0.35095275000000004
0.036,0.9936828504999999,-0.35316
0.036225,0.9936033894999999,-0.35536725
0.036449999999999996,0.9935234318687499,-0.35757449999999996
0.036675,0.9934429776062499,-0.35978175
0.0369,0.9933620267124998,-0.36198900000000006
0.037125,0.9932805791874999,-0.36419625
0.03735,0.9931986350312499,-0.36640350000000005
0.037575,0.99311619424375,-0.36861075
0.0378,0.993033256825,-0.37081800000000004
0.038024999999999996,0.992949822775,-0.37302525
0.03825,0.99286589209375,-0.3752325
0.038475,0.99278146478125,-0.3774397500000001
0.0387,0.9926965408374999,-0.379647
0.038925,0.9926111202624999,-0.38185425000000006
0.03915,0.9925252030562499,-0.3840615
0.039375,0.99243878921875,-0.38626875000000005
0.039599999999999996,0.99235187875,-0.388476
0.039825,0.99226447165,-0.39068325000000004
0.04005,0.99217656791875,-0.3928905000000001
0.040275,0.99208816755625,-0.39509775
0.0405,0.9919992705624999,-0.3973050000000001
0.040725,0.9919098769374999,-0.39951225
0.04095,0.9918199866812499,-0.40171950000000006
0.041174999999999996,0.99172959979375,-0.40392675
0.0414,0.991638716275,-0.40613400000000005
0.041625,0.991547336125,-0.4083412500000001
0.04185,0.99145545934375,-0.41054850000000004
0.042075,0.99136308593125,-0.4127557500000001
0.0423,0.9912702158875,-0.414963
0.042525,0.9911768492124999,-0.4171702500000001
0.042749999999999996,0.9910829859062499,-0.4193775
0.042975,0.9909886259687499,-0.42158475000000006
0.0432,0.9908937694,-0.4237920000000001
0.043425,0.9907984162,-0.42599925000000005
0.04365,0.99070256636875,-0.4282065000000001
0.043875,0.99060621990625,-0.43041375000000004
0.0441,0.9905093768125,-0.4326210000000001
0.044324999999999996,0.9904120370874999,-0.43482825
0.04455,0.9903142007312499,-0.4370355000000001
0.044774999999999995,0.9902158677437499,-0.43924275
0.045,0.990117038125,-0.44145000000000006
0.045225,0.990017711875,-0.4436572500000001
0.04545,0.98991788899375,-0.44586450000000005
0.045675,0.98981756948125,-0.4480717500000001
0.045899999999999996,0.9897167533375,-0.45027900000000004
0.046125,0.9896154405625,-0.4524862500000001
0.046349999999999995,0.9895136311562499,-0.45469350000000003
0.046575,0.9894113251187499,-0.4569007500000001
0.0468,0.9893085224499999,-0.4591080000000001
0.047025,0.9892052231499999,-0.46131525000000007
0.04725,0.9891014272187499,-0.4635225000000001
0.047474999999999996,0.9889971346562499,-0.46572975000000005
0.0477,0.9888923454624999,-0.4679370000000001
0.047924999999999995,0.9887870596374999,-0.47014425000000004
0.04815,0.9886812771812499,-0.4723515000000001
0.048375,0.9885749980937498,-0.47455875000000014
0.0486,0.9884682223749999,-0.4767660000000001
0.048825,0.9883609500249999,-0.47897325000000013
0.049049999999999996,0.9882531810437499,-0.48118050000000007
0.049275,0.9881449154312499,-0.4833877500000001
0.049499999999999995,0.9880361531874999,-0.48559500000000005
0.049725,0.9879268943124999,-0.4878022500000001
0.04995,0.9878171388062499,-0.49000950000000015
0.050175,0.9877068866687498,-0.4922167500000001
0.0504,0.9875961378999999,-0.49442400000000014
0.050624999999999996,0.9874848924999999,-0.4966312500000001
0.05085,0.98737315046875,-0.49883850000000013
0.051074999999999995,0.98726091180625,-0.5010457500000001
0.0513,0.9871481765125,-0.5032530000000001
0.051525,0.9870349445875,-0.50546025
0.05175,0.9869212160312499,-0.5076675
0.051975,0.9868069908437499,-0.50987475
0.052199999999999996,0.9866922690249998,-0.512082
0.052425,0.9865770505749999,-0.51428925
0.052649999999999995,0.9864613354937499,-0.5164965
0.052875,0.9863451237812499,-0.51870375
0.0531,0.9862284154375,-0.520911
0.053325,0.9861112104624999,-0.52311825
0.05355,0.9859935088562499,-0.5253255
0.053774999999999996,0.9858753106187499,-0.52753275
0.054,0.9857566157499998,-0.52974
0.054224999999999995,0.9856374242499999,-0.53194725
0.05445,0.9855177361187499,-0.5341545
0.054675,0.98539755135625,-0.53636175
0.0549,0.9852768699625,-0.538569
0.055125,0.9851556919375,-0.54077625
0.055349999999999996,0.98503401728125,-0.5429835
0.055575,0.9849118459937499,-0.54519075
0.055799999999999995,0.9847891780749999,-0.5473979999999999
0.056025,0.9846660135249998,-0.5496052499999999
0.05625,0.9845423523437499,-0.5518124999999999
0.056475,0.9844181945312499,-0.5540197499999999
0.0567,0.9842935400874999,-0.5562269999999999
0.056924999999999996,0.9841683890124999,-0.5584342499999999
0.05715,0.9840427413062499,-0.5606414999999999
0.057374999999999995,0.9839165969687499,-0.5628487499999999
0.0576,0.9837899559999999,-0.5650559999999999
0.057825,0.9836628183999998,-0.5672632499999999
0.05805,0.9835351841687499,-0.5694704999999999
0.058275,0.9834070533062499,-0.5716777499999999
0.058499999999999996,0.9832784258124999,-0.5738849999999999
0.058725,0.9831493016874999,-0.5760922499999999
0.058949999999999995,0.9830196809312499,-0.5782994999999999
0.059175,0.9828895635437499,-0.5805067499999998
0.0594,0.9827589495249999,-0.5827139999999998
0.059625,0.9826278388749998,-0.5849212499999998
0.05985,0.9824962315937498,-0.5871284999999998
0.060074999999999996,0.9823641276812498,-0.5893357499999998
0.0603,0.9822315271374998,-0.5915429999999998
0.060524999999999995,0.9820984299624999,-0.5937502499999998
0.06075,0.9819648361562499,-0.5959574999999998
0.060975,0.9818307457187498,-0.5981647499999998
0.0612,0.9816961586499998,-0.6003719999999998
0.061425,0.9815610749499998,-0.6025792499999998
0.061649999999999996,0.9814254946187497,-0.6047864999999998
0.061875,0.9812894176562498,-0.6069937499999998
0.062099999999999995,0.9811528440624998,-0.6092009999999998
0.062325,0.9810157738374998,-0.6114082499999998
0.06255,0.9808782069812498,-0.6136154999999998
0.062775,0.9807401434937498,-0.6158227499999998
0.063,0.9806015833749998,-0.6180299999999997
0.063225,0.9804625266249998,-0.6202372499999997
0.06344999999999999,0.9803229732437497,-0.6224444999999996
0.063675,0.9801829232312498,-0.6246517499999996
0.0639,0.9800423765874998,-0.6268589999999996
0.064125,0.9799013333124998,-0.6290662499999996
0.06435,0.9797597934062499,-0.6312734999999996
0.064575,0.9796177568687499,-0.6334807499999995
0.0648,0.9794752236999998,-0.6356879999999995
0.065025,0.9793321938999998,-0.6378952499999995
0.06525,0.9791886674687498,-0.6401024999999995
0.06547499999999999,0.9790446444062498,-0.6423097499999993
0.0657,0.9789001247124999,-0.6445169999999993
0.065925,0.9787551083874999,-0.6467242499999993
0.06615,0.9786095954312499,-0.6489314999999993
0.066375,0.9784635858437499,-0.6511387499999993
0.06659999999999999,0.9783170796249999,-0.6533459999999992
0.066825,0.9781700767749999,-0.6555532499999992
0.06705,0.9780225772937499,-0.6577604999999992
0.067275,0.9778745811812498,-0.6599677499999992
0.0675,0.9777260884374999,-0.6621749999999992
0.067725,0.9775770990624999,-0.6643822499999991
0.06795,0.9774276130562499,-0.6665894999999991
0.068175,0.9772776304187499,-0.668796749999999
0.0684,0.9771271511499999,-0.671003999999999
0.06862499999999999,0.9769761752499999,-0.6732112499999989
0.06885,0.9768247027187499,-0.6754184999999989
0.069075,0.9766727335562498,-0.6776257499999989
0.0693,0.9765202677624998,-0.6798329999999989
0.069525,0.9763673053374998,-0.6820402499999989
0.06974999999999999,0.9762138462812499,-0.6842474999999988
0.069975,0.9760598905937499,-0.6864547499999988
0.0702,0.9759054382749999,-0.6886619999999988
0.070425,0.9757504893249999,-0.6908692499999988
0.07065,0.9755950437437498,-0.6930764999999988
0.070875,0.9754391015312498,-0.6952837499999986
0.0711,0.9752826626874997,-0.6974909999999986
0.071325,0.9751257272124998,-0.6996982499999986
0.07155,0.9749682951062498,-0.7019054999999986
0.07177499999999999,0.9748103663687498,-0.7041127499999985
0.072,0.9746519409999999,-0.7063199999999985
0.072225,0.9744930189999998,-0.7085272499999985
0.07245,0.9743336003687498,-0.7107344999999985
0.072675,0.9741736851062498,-0.7129417499999985
0.07289999999999999,0.9740132732124998,-0.7151489999999984
0.073125,0.9738523646874998,-0.7173562499999984
0.07335,0.9736909595312498,-0.7195634999999984
0.073575,0.9735290577437499,-0.7217707499999984
0.0738,0.9733666593249999,-0.7239779999999983
0.074025,0.9732037642749999,-0.7261852499999982
0.07425,0.9730403725937499,-0.7283924999999982
0.074475,0.9728764842812498,-0.7305997499999982
0.0747,0.9727120993374998,-0.7328069999999982
0.07492499999999999,0.9725472177624999,-0.7350142499999981
0.07515,0.9723818395562499,-0.7372214999999981
0.075375,0.9722159647187499,-0.7394287499999981
0.0756,0.97204959325,-0.7416359999999981
0.075825,0.97188272515,-0.7438432499999981
0.07604999999999999,0.97171536041875,-0.746050499999998
0.076275,0.9715474990562499,-0.748257749999998
0.0765,0.9713791410624999,-0.7504649999999979
0.076725,0.9712102864374998,-0.7526722499999979
0.07695,0.9710409351812499,-0.7548794999999979
0.077175,0.9708710872937499,-0.7570867499999978
0.0774,0.970700742775,-0.7592939999999978
0.077625,0.970529901625,-0.7615012499999978
0.07785,0.97035856384375,-0.7637084999999978
0.07807499999999999,0.97018672943125,-0.7659157499999977
0.0783,0.9700143983874999,-0.7681229999999977
0.078525,0.9698415707124999,-0.7703302499999977
0.07875,0.9696682464062498,-0.7725374999999977
0.078975,0.9694944254687499,-0.7747447499999977
0.07919999999999999,0.9693201078999999,-0.7769519999999975
0.079425,0.9691452936999999,-0.7791592499999975
0.07965,0.9689699828687499,-0.7813664999999975
0.079875,0.9687941754062499,-0.7835737499999975
0.0801,0.9686178713124999,-0.7857809999999975
0.080325,0.9684410705874998,-0.7879882499999974
0.08055,0.9682637732312498,-0.7901954999999974
0.080775,0.9680859792437498,-0.7924027499999974
0.081,0.9679076886249999,-0.7946099999999974
0.08122499999999999,0.9677289013749999,-0.7968172499999973
0.08145,0.9675496174937499,-0.7990244999999973
0.081675,0.9673698369812499,-0.8012317499999972
0.0819,0.9671895598374999,-0.8034389999999972
0.082125,0.9670087860624998,-0.8056462499999972
0.08234999999999999,0.9668275156562498,-0.8078534999999971
0.082575,0.9666457486187499,-0.8100607499999971
0.0828,0.9664634849499999,-0.8122679999999971
0.083025,0.9662807246499999,-0.8144752499999971
0.08325,0.9660974677187499,-0.8166824999999971
0.083475,0.9659137141562499,-0.818889749999997
0.0837,0.9657294639624999,-0.821096999999997
0.083925,0.9655447171374999,-0.823304249999997
0.08415,0.9653594736812499,-0.825511499999997
0.08437499999999999,0.9651737335937499,-0.8277187499999968
0.0846,0.964987496875,-0.8299259999999968
0.084825,0.964800763525,-0.8321332499999968
0.08505,0.96461353354375,-0.8343404999999968
0.085275,0.96442580693125,-0.8365477499999968
0.08549999999999999,0.9642375836875,-0.8387549999999967
0.085725,0.9640488638125,-0.8409622499999967
0.08595,0.96385964730625,-0.8431694999999967
0.086175,0.9636699341687499,-0.8453767499999967
0.0864,0.9634797244,-0.8475839999999967
0.086625,0.963289018,-0.8497912499999966
0.08685,0.96309781496875,-0.8519984999999966
0.087075,0.96290611530625,-0.8542057499999965
0.0873,0.9627139190125,-0.8564129999999965
0.08752499999999999,0.9625212260875,-0.8586202499999964
0.08775,0.96232803653125,-0.8608274999999964
0.087975,0.9621343503437499,-0.8630347499999964
0.0882,0.9619401675249999,-0.8652419999999964
0.088425,0.9617454880749999,-0.8674492499999964
0.08864999999999999,0.96155031199375,-0.8696564999999963
0.088875,0.96135463928125,-0.8718637499999963
0.0891,0.9611584699375,-0.8740709999999963
0.089325,0.9609618039625,-0.8762782499999963
0.08954999999999999,0.96076464135625,-0.8784854999999961
0.089775,0.9605669821187499,-0.8806927499999961
0.09,0.9603688262499999,-0.8828999999999961
0.090225,0.9601701737499999,-0.8851072499999961
0.09045,0.95997102461875,-0.8873144999999961
0.09067499999999999,0.95977137885625,-0.889521749999996
0.0909,0.9595712364625,-0.891728999999996
0.091125,0.9593705974375,-0.893936249999996
0.09135,0.95916946178125,-0.896143499999996
0.091575,0.9589678294937499,-0.898350749999996
0.09179999999999999,0.9587657005749999,-0.9005579999999959
0.092025,0.9585630750249999,-0.9027652499999959
0.09225,0.95835995284375,-0.9049724999999958
0.092475,0.95815633403125,-0.9071797499999958
0.09269999999999999,0.9579522185875,-0.9093869999999957
0.092925,0.9577476065125,-0.9115942499999957
0.09315,0.95754249780625,-0.9138014999999957
0.093375,0.95733689246875,-0.9160087499999957
0.0936,0.9571307904999999,-0.9182159999999957
0.09382499999999999,0.9569241919,-0.9204232499999956
0.09405,0.95671709666875,-0.9226304999999956
0.094275,0.9565095048062501,-0.9248377499999956
0.0945,0.9563014163125001,-0.9270449999999956
0.094725,0.9560928311875001,-0.9292522499999956
0.09494999999999999,0.9558837494312501,-0.9314594999999954
0.095175,0.9556741710437501,-0.9336667499999954
0.0954,0.955464096025,-0.9358739999999954
0.095625,0.955253524375,-0.9380812499999954
0.09584999999999999,0.95504245609375,-0.9402884999999953
0.096075,0.9548308911812501,-0.9424957499999953
0.0963,0.9546188296375001,-0.9447029999999953
0.096525,0.9544062714625001,-0.9469102499999953
0.09675,0.9541932166562501,-0.9491174999999953
0.09697499999999999,0.9539796652187501,-0.9513247499999952
0.0972,0.9537656171500001,-0.9535319999999952
0.097425,0.95355107245,-0.9557392499999952
0.09765,0.95333603111875,-0.9579464999999951
0.097875,0.95312049315625,-0.9601537499999951
0.09809999999999999,0.9529044585625001,-0.962360999999995
0.098325,0.9526879273375001,-0.964568249999995
0.09855,0.9524708994812501,-0.966775499999995
0.098775,0.9522533749937501,-0.968982749999995
0.09899999999999999,0.952035353875,-0.9711899999999949
0.099225,0.951816836125,-0.9733972499999949
0.09945,0.95159782174375,-0.9756044999999949
0.099675,0.95137831073125,-0.9778117499999949
0.0999,0.9511583030875,-0.9800189999999949
0.10012499999999999,0.9509377988125001,-0.9822262499999947
0.10035,0.9507167979062501,-0.9844334999999947
0.100575,0.9504953003687501,-0.9866407499999947
0.1008,0.9502733062000001,-0.9888479999999947
0.101025,0.9500508154,-0.9910552499999947
0.10124999999999999,0.94982782796875,-0.9932624999999946
0.101475,0.9496043439062499,-0.9954697499999946
0.1017,0.9493803632125,-0.9976769999999946
0.101925,0.9491558858875,-0.9998842499999946
0.10214999999999999,0.94893091193125,-1.0020914999999946
0.102375,0.94870544134375,-1.0042987499999947
0.1026,0.948479474125,-1.0065059999999948
0.102825,0.948253010275,-1.008713249999995
0.10305,0.9480260497937499,-1.010920499999995
0.10327499999999999,0.94779859268125,-1.0131277499999949
0.1035,0.9475706389375,-1.015334999999995
0.103725,0.9473421885625001,-1.017542249999995
0.10395,0.9471132415562501,-1.0197494999999952
0.104175,0.9468837979187501,-1.0219567499999953
0.10439999999999999,0.9466538576500001,-1.0241639999999952
0.104625,0.9464234207500001,-1.0263712499999953
0.10485,0.94619248721875,-1.0285784999999954
0.105075,0.94596105705625,-1.0307857499999955
0.10529999999999999,0.9457291302625,-1.0329929999999954
0.105525,0.9454967068375001,-1.0352002499999955
0.10575,0.9452637867812501,-1.0374074999999956
0.105975,0.9450303700937501,-1.0396147499999957
0.1062,0.9447964567750001,-1.0418219999999958
0.10642499999999999,0.9445620468250001,-1.0440292499999957
0.10665,0.9443271402437501,-1.0462364999999958
0.106875,0.94409173703125,-1.048443749999996
0.1071,0.9438558371875,-1.050650999999996
0.107325,0.9436194407125,-1.052858249999996
0.10754999999999999,0.9433825476062501,-1.055065499999996
0.107775,0.9431451578687501,-1.057272749999996
0.108,0.9429072715000001,-1.0594799999999962
0.108225,0.9426688885000001,-1.0616872499999963
0.10844999999999999,0.9424300088687501,-1.0638944999999962
0.108675,0.94219063260625,-1.0661017499999963
0.1089,0.9419507597125,-1.0683089999999964
0.109125,0.9417103901875,-1.0705162499999965
0.10935,0.9414695240312501,-1.0727234999999966
0.10957499999999999,0.9412281612437501,-1.0749307499999965
0.1098,0.9409863018250001,-1.0771379999999966
0.110025,0.9407439457750001,-1.0793452499999967
0.11025,0.9405010930937501,-1.0815524999999968
0.110475,0.94025774378125,-1.083759749999997
0.11069999999999999,0.9400138978375,-1.0859669999999968
0.110925,0.9397695552625,-1.088174249999997
0.11115,0.93952471605625,-1.090381499999997
0.111375,0.93927938021875,-1.092588749999997
0.11159999999999999,0.93903354775,-1.094795999999997
0.111825,0.93878721865,-1.097003249999997
0.11205,0.93854039291875,-1.0992104999999972
0.112275,0.93829307055625,-1.1014177499999973
0.1125,0.9380452515625,-1.1036249999999974
0.11272499999999999,0.9377969359375,-1.1058322499999973
0.11295,0.9375481236812501,-1.1080394999999974
0.113175,0.9372988147937501,-1.1102467499999975
0.1134,0.9370490092750001,-1.1124539999999976
0.113625,0.9367987071250001,-1.1146612499999977
0.11384999999999999,0.9365479083437501,-1.1168684999999976
0.114075,0.9362966129312501,-1.1190757499999977
0.1143,0.9360448208875001,-1.1212829999999978
0.114525,0.9357925322125,-1.123490249999998
0.11474999999999999,0.9355397469062501,-1.1256974999999978
0.114975,0.9352864649687501,-1.127904749999998
0.1152,0.9350326864000001,-1.130111999999998
0.115425,0.9347784112000002,-1.1323192499999981
0.11565,0.9345236393687502,-1.1345264999999982
0.11587499999999999,0.9342683709062501,-1.136733749999998
0.1161,0.9340126058125001,-1.1389409999999982
0.116325,0.9337563440875001,-1.1411482499999983
0.11655,0.93349958573125,-1.1433554999999984
0.11677499999999999,0.9332423307437501,-1.1455627499999983
0.11699999999999999,0.9329845791250001,-1.1477699999999984
0.117225,0.9327263308750001,-1.1499772499999985
0.11745,0.9324675859937501,-1.1521844999999986
0.117675,0.9322083444812501,-1.1543917499999987
0.11789999999999999,0.9319486063375001,-1.1565989999999986
0.118125,0.9316883715625001,-1.1588062499999987
0.11835,0.93142764015625,-1.1610134999999988
0.118575,0.9311664121187501,-1.163220749999999
0.1188,0.9309046874500001,-1.165427999999999
0.11902499999999999,0.9306424661500001,-1.167635249999999
0.11925,0.9303797482187501,-1.169842499999999
0.119475,0.9301165336562501,-1.1720497499999991
0.1197,0.9298528224625001,-1.1742569999999992
0.11992499999999999,0.9295886146375001,-1.176464249999999
0.12014999999999999,0.92932391018125,-1.1786714999999992
0.120375,0.92905870909375,-1.1808787499999993
0.1206,0.928793011375,-1.1830859999999994
0.120825,0.9285268170250001,-1.1852932499999995
0.12104999999999999,0.9282601260437501,-1.1875004999999994
0.121275,0.9279929384312501,-1.1897077499999995
0.1215,0.9277252541875001,-1.1919149999999996
0.121725,0.9274570733125,-1.1941222499999997
0.12195,0.92718839580625,-1.1963294999999998
0.12217499999999999,0.9269192216687501,-1.1985367499999997
0.1224,0.9266495509000001,-1.2007439999999998
0.122625,0.9263793835000002,-1.20295125
0.12285,0.9261087194687502,-1.2051585
0.12307499999999999,0.9258375588062502,-1.20736575
0.12329999999999999,0.9255659015125002,-1.209573
0.123525,0.9252937475875002,-1.2117802500000001
0.12375,0.9250210970312501,-1.2139875000000002
0.123975,0.9247479498437501,-1.2161947500000003
0.12419999999999999,0.9244743060250001,-1.2184020000000002
0.124425,0.9242001655750002,-1.2206092500000003
0.12465,0.9239255284937502,-1.2228165000000004
0.124875,0.9236503947812502,-1.2250237500000005
0.1251,0.9233747644375002,-1.2272310000000004
0.125325,0.9230986374625002,-1.2294382500000005
0.12555,0.9228220138562502,-1.2316455000000006
0.125775,0.9225448936187501,-1.2338527500000007
0.126,0.9222672767500001,-1.2360600000000008
0.126225,0.9219891632500001,-1.238267250000001
0.12645,0.9217105531187502,-1.240474500000001
0.126675,0.9214314463562502,-1.2426817500000011
0.12689999999999999,0.9211518429625002,-1.2448890000000008
0.127125,0.9208717429375002,-1.247096250000001
0.12735,0.9205911462812502,-1.249303500000001
0.127575,0.9203100529937501,-1.2515107500000011
0.1278,0.9200284630750001,-1.2537180000000012
0.128025,0.9197463765250001,-1.2559252500000013
0.12825,0.9194637933437502,-1.2581325000000014
0.128475,0.9191807135312502,-1.2603397500000015
0.1287,0.9188971370875002,-1.2625470000000016
0.12892499999999998,0.9186130640125002,-1.2647542500000013
0.12915,0.9183284943062502,-1.2669615000000014
0.129375,0.9180434279687502,-1.2691687500000015
0.1296,0.9177578650000001,-1.2713760000000016
0.129825,0.9174718054000001,-1.2735832500000017
0.13005,0.9171852491687501,-1.2757905000000018
0.130275,0.9168981963062501,-1.277997750000002
0.1305,0.9166106468125002,-1.280205000000002
0.130725,0.9163226006875002,-1.2824122500000021
0.13094999999999998,0.9160340579312501,-1.2846195000000018
0.13117499999999999,0.9157450185437501,-1.286826750000002
0.1314,0.9154554825250001,-1.289034000000002
0.131625,0.915165449875,-1.2912412500000021
0.13185,0.9148749205937501,-1.2934485000000022
0.132075,0.9145838946812501,-1.2956557500000023
0.1323,0.9142923721375001,-1.2978630000000024
0.132525,0.9140003529625002,-1.3000702500000025
0.13275,0.9137078371562501,-1.3022775000000026
0.132975,0.9134148247187501,-1.3044847500000027
0.13319999999999999,0.9131213156500002,-1.3066920000000024
0.133425,0.9128273099500002,-1.3088992500000025
0.13365,0.9125328076187501,-1.3111065000000026
0.133875,0.9122378086562501,-1.3133137500000027
0.1341,0.9119423130625002,-1.3155210000000028
0.134325,0.9116463208375002,-1.317728250000003
0.13455,0.9113498319812502,-1.319935500000003
0.134775,0.9110528464937502,-1.3221427500000031
0.135,0.9107553643750002,-1.3243500000000032
0.13522499999999998,0.9104573856250002,-1.326557250000003
0.13545,0.9101589102437502,-1.328764500000003
0.135675,0.9098599382312502,-1.3309717500000031
0.1359,0.9095604695875003,-1.3331790000000032
0.136125,0.9092605043125003,-1.3353862500000033
0.13635,0.9089600424062503,-1.3375935000000034
0.136575,0.9086590838687503,-1.3398007500000035
0.1368,0.9083576287000003,-1.3420080000000036
0.137025,0.9080556769000002,-1.3442152500000037
0.13724999999999998,0.9077532284687503,-1.3464225000000034
0.13747499999999999,0.9074502834062502,-1.3486297500000035
0.1377,0.9071468417125003,-1.3508370000000036
0.137925,0.9068429033875003,-1.3530442500000037
0.13815,0.9065384684312503,-1.3552515000000038
0.138375,0.9062335368437503,-1.357458750000004
0.1386,0.9059281086250003,-1.359666000000004
0.138825,0.9056221837750003,-1.3618732500000041
0.13905,0.9053157622937502,-1.3640805000000042
0.139275,0.9050088441812502,-1.3662877500000044
0.13949999999999999,0.9047014294375002,-1.368495000000004
0.139725,0.9043935180625002,-1.3707022500000041
0.13995,0.9040851100562503,-1.3729095000000042
0.140175,0.9037762054187503,-1.3751167500000043
0.1404,0.9034668041500002,-1.3773240000000044
0.140625,0.9031569062500002,-1.3795312500000045
0.14085,0.9028465117187502,-1.3817385000000046
0.141075,0.9025356205562501,-1.3839457500000047
0.1413,0.9022242327625002,-1.3861530000000049
0.14152499999999998,0.9019123483375002,-1.3883602500000045
0.14175,0.9015999672812502,-1.3905675000000046
0.141975,0.9012870895937503,-1.3927747500000047
0.1422,0.9009737152750003,-1.3949820000000048
0.142425,0.9006598443250002,-1.397189250000005
0.14265,0.9003454767437502,-1.399396500000005
0.142875,0.9000306125312502,-1.4016037500000051
0.1431,0.8997152516875001,-1.4038110000000052
0.143325,0.8993993942125001,-1.4060182500000054
0.14354999999999998,0.8990830401062502,-1.408225500000005
0.143775,0.8987661893687502,-1.4104327500000051
0.144,0.8984488420000002,-1.4126400000000052
0.144225,0.8981309980000002,-1.4148472500000053
0.14445,0.8978126573687502,-1.4170545000000054
0.144675,0.8974938201062501,-1.4192617500000055
0.1449,0.8971744862125001,-1.4214690000000056
0.145125,0.8968546556875001,-1.4236762500000057
0.14535,0.8965343285312501,-1.4258835000000059
0.14557499999999998,0.8962135047437502,-1.4280907500000055
0.14579999999999999,0.8958921843250002,-1.4302980000000056
0.146025,0.8955703672750002,-1.4325052500000057
0.14625,0.8952480535937501,-1.4347125000000058
0.146475,0.8949252432812501,-1.436919750000006
0.1467,0.8946019363375001,-1.439127000000006
0.146925,0.8942781327625,-1.4413342500000061
0.14715,0.89395383255625,-1.4435415000000063
0.147375,0.8936290357187501,-1.4457487500000064
0.1476,0.8933037422500001,-1.4479560000000065
0.14782499999999998,0.8929779521500001,-1.4501632500000061
0.14805,0.8926516654187501,-1.4523705000000062
0.148275,0.89232488205625,-1.4545777500000063
0.1485,0.8919976020625,-1.4567850000000064
0.148725,0.8916698254375,-1.4589922500000065
0.14895,0.89134155218125,-1.4611995000000066
0.149175,0.89101278229375,-1.4634067500000068
0.1494,0.890683515775,-1.4656140000000069
0.149625,0.890353752625,-1.467821250000007
0.14984999999999998,0.89002349284375,-1.4700285000000066
0.150075,0.88969273643125,-1.4722357500000067
0.1503,0.8893614833875,-1.4744430000000068
0.150525,0.8890297337124999,-1.476650250000007
0.15075,0.8886974874062499,-1.478857500000007
0.150975,0.8883647444687499,-1.4810647500000071
0.1512,0.8880315048999999,-1.4832720000000073
0.151425,0.8876977687,-1.4854792500000074
0.15165,0.8873635358687499,-1.4876865000000075
0.15187499999999998,0.8870288064062499,-1.4898937500000071
0.15209999999999999,0.8866935803124999,-1.4921010000000072
0.152325,0.8863578575874999,-1.4943082500000073
0.15255,0.8860216382312498,-1.4965155000000074
0.152775,0.8856849222437498,-1.4987227500000075
0.153,0.8853477096249999,-1.5009300000000076
0.153225,0.8850100003749999,-1.5031372500000078
0.15345,0.8846717944937499,-1.5053445000000079
0.153675,0.8843330919812499,-1.507551750000008
0.1539,0.8839938928374999,-1.509759000000008
0.15412499999999998,0.8836541970624999,-1.5119662500000077
0.15435,0.8833140046562499,-1.5141735000000078
0.154575,0.8829733156187499,-1.516380750000008
0.1548,0.88263212995,-1.518588000000008
0.155025,0.88229044765,-1.5207952500000081
0.15525,0.88194826871875,-1.5230025000000083
0.155475,0.88160559315625,-1.5252097500000084
0.1557,0.8812624209625,-1.5274170000000085
0.155925,0.8809187521374999,-1.5296242500000086
0.15614999999999998,0.88057458668125,-1.5318315000000082
0.156375,0.8802299245937499,-1.5340387500000083
0.1566,0.879884765875,-1.5362460000000084
0.156825,0.879539110525,-1.5384532500000085
0.15705,0.87919295854375,-1.5406605000000086
0.157275,0.87884630993125,-1.5428677500000088
0.1575,0.8784991646875,-1.5450750000000089
0.157725,0.8781515228125,-1.547282250000009
0.15795,0.8778033843062499,-1.549489500000009
0.15817499999999998,0.87745474916875,-1.5516967500000087
0.15839999999999999,0.8771056174,-1.5539040000000088
0.158625,0.8767559890000001,-1.556111250000009
0.15885,0.8764058639687501,-1.558318500000009
0.159075,0.8760552423062501,-1.5605257500000091
0.1593,0.8757041240125001,-1.5627330000000093
0.159525,0.8753525090875001,-1.5649402500000094
0.15975,0.87500039753125,-1.5671475000000095
0.159975,0.87464778934375,-1.5693547500000096
0.1602,0.8742946845249999,-1.5715620000000097
0.16042499999999998,0.873941083075,-1.5737692500000093
0.16065,0.87358698499375,-1.5759765000000094
0.160875,0.87323239028125,-1.5781837500000095
0.1611,0.8728772989375,-1.5803910000000096
0.161325,0.8725217109625,-1.5825982500000098
0.16155,0.87216562635625,-1.5848055000000099
0.161775,0.8718090451187499,-1.58701275000001
0.162,0.8714519672499998,-1.58922000000001
0.162225,0.8710943927499999,-1.5914272500000102
0.16244999999999998,0.8707363216187499,-1.5936345000000098
0.162675,0.8703777538562499,-1.59584175000001
0.1629,0.8700186894624999,-1.59804900000001
0.163125,0.8696591284374999,-1.6002562500000101
0.16335,0.8692990707812499,-1.6024635000000103
0.163575,0.8689385164937499,-1.6046707500000104
0.1638,0.8685774655749998,-1.6068780000000105
0.164025,0.8682159180249999,-1.6090852500000106
0.16425,0.8678538738437499,-1.6112925000000107
0.16447499999999998,0.8674913330312499,-1.6134997500000103
0.16469999999999999,0.8671282955874999,-1.6157070000000104
0.164925,0.8667647615124999,-1.6179142500000105
0.16515,0.8664007308062499,-1.6201215000000107
0.165375,0.8660362034687499,-1.6223287500000108
0.1656,0.8656711794999998,-1.6245360000000109
0.165825,0.8653056588999998,-1.626743250000011
0.16605,0.8649396416687498,-1.628950500000011
0.166275,0.8645731278062498,-1.6311577500000112
0.1665,0.8642061173124999,-1.6333650000000113
0.16672499999999998,0.8638386101874999,-1.635572250000011
0.16695,0.8634706064312498,-1.637779500000011
0.167175,0.8631021060437498,-1.6399867500000112
0.1674,0.8627331090249998,-1.6421940000000113
0.167625,0.8623636153749997,-1.6444012500000114
0.16785,0.8619936250937498,-1.6466085000000115
0.168075,0.8616231381812498,-1.6488157500000116
0.1683,0.8612521546374998,-1.6510230000000117
0.168525,0.8608806744624998,-1.6532302500000118
0.16874999999999998,0.8605086976562498,-1.6554375000000114
0.168975,0.8601362242187498,-1.6576447500000115
0.1692,0.8597632541499998,-1.6598520000000117
0.169425,0.8593897874499997,-1.6620592500000118
0.16965,0.8590158241187497,-1.6642665000000119
0.169875,0.8586413641562497,-1.666473750000012
0.1701,0.8582664075624997,-1.668681000000012
0.170325,0.8578909543374997,-1.6708882500000122
0.17055,0.8575150044812497,-1.6730955000000123
0.17077499999999998,0.8571385579937497,-1.675302750000012
0.17099999999999999,0.8567616148749997,-1.677510000000012
0.171225,0.8563841751249996,-1.6797172500000122
0.17145,0.8560062387437496,-1.6819245000000123
0.171675,0.8556278057312496,-1.6841317500000124
0.1719,0.8552488760874997,-1.6863390000000125
0.172125,0.8548694498124997,-1.6885462500000126
0.17235,0.8544895269062497,-1.6907535000000127
0.172575,0.8541091073687497,-1.6929607500000128
0.1728,0.8537281911999997,-1.6951680000000129
0.17302499999999998,0.8533467783999997,-1.6973752500000125
0.17325,0.8529648689687497,-1.6995825000000127
0.173475,0.8525824629062496,-1.7017897500000128
0.1737,0.8521995602124997,-1.7039970000000129
0.173925,0.8518161608874997,-1.706204250000013
0.17415,0.8514322649312497,-1.708411500000013
0.174375,0.8510478723437497,-1.7106187500000132
0.1746,0.8506629831249997,-1.7128260000000133
0.174825,0.8502775972749996,-1.7150332500000134
0.17504999999999998,0.8498917147937497,-1.717240500000013
0.175275,0.8495053356812496,-1.7194477500000132
0.1755,0.8491184599374997,-1.7216550000000133
0.175725,0.8487310875624997,-1.7238622500000134
0.17595,0.8483432185562497,-1.7260695000000135
0.176175,0.8479548529187497,-1.7282767500000136
0.1764,0.8475659906499997,-1.7304840000000137
0.176625,0.8471766317499997,-1.7326912500000138
0.17685,0.8467867762187496,-1.7348985000000139
0.17707499999999998,0.8463964240562497,-1.7371057500000135
0.17729999999999999,0.8460055752624998,-1.7393130000000137
0.177525,0.8456142298374998,-1.7415202500000138
0.17775,0.8452223877812498,-1.7437275000000139
0.177975,0.8448300490937498,-1.745934750000014
0.1782,0.8444372137749998,-1.748142000000014
0.178425,0.8440438818249998,-1.7503492500000142
0.17865,0.8436500532437498,-1.7525565000000143
0.178875,0.8432557280312497,-1.7547637500000144
0.17909999999999998,0.8428609061874998,-1.756971000000014
0.17932499999999998,0.8424655877124998,-1.7591782500000142
0.17955,0.8420697726062498,-1.7613855000000143
0.179775,0.8416734608687498,-1.7635927500000144
0.18,0.8412766524999998,-1.7658000000000145
0.180225,0.8408793474999998,-1.7680072500000146
0.18045,0.8404815458687498,-1.7702145000000147
0.180675,0.8400832476062498,-1.7724217500000148
0.1809,0.8396844527124997,-1.774629000000015
0.181125,0.8392851611874997,-1.776836250000015
0.18134999999999998,0.8388853730312498,-1.7790435000000147
0.181575,0.8384850882437498,-1.7812507500000148
0.1818,0.8380843068249998,-1.7834580000000149
0.182025,0.8376830287749998,-1.785665250000015
0.18225,0.8372812540937498,-1.787872500000015
0.182475,0.8368789827812497,-1.7900797500000152
0.1827,0.8364762148374997,-1.7922870000000153
0.182925,0.8360729502624996,-1.7944942500000154
0.18315,0.8356691890562497,-1.7967015000000155
0.18337499999999998,0.8352649312187497,-1.7989087500000152
0.18359999999999999,0.8348601767499997,-1.8011160000000153
0.183825,0.8344549256499997,-1.8033232500000154
0.18405,0.8340491779187497,-1.8055305000000155
0.184275,0.8336429335562496,-1.8077377500000156
0.1845,0.8332361925624996,-1.8099450000000157
0.184725,0.8328289549374995,-1.8121522500000158
0.18495,0.8324212206812496,-1.814359500000016
0.185175,0.8320129897937496,-1.816566750000016
0.18539999999999998,0.8316042622749996,-1.8187740000000157
0.18562499999999998,0.8311950381249996,-1.8209812500000158
0.18585,0.8307853173437496,-1.8231885000000159
0.186075,0.8303750999312496,-1.825395750000016
0.1863,0.8299643858874995,-1.827603000000016
0.186525,0.8295531752124995,-1.8298102500000162
0.18675,0.8291414679062494,-1.8320175000000163
0.186975,0.8287292639687495,-1.8342247500000164
0.1872,0.8283165633999995,-1.8364320000000165
0.187425,0.8279033661999995,-1.8386392500000166
0.18764999999999998,0.8274896723687495,-1.8408465000000163
0.187875,0.8270754819062495,-1.8430537500000164
0.1881,0.8266607948124994,-1.8452610000000165
0.188325,0.8262456110874994,-1.8474682500000166
0.18855,0.8258299307312493,-1.8496755000000167
0.188775,0.8254137537437494,-1.8518827500000168
0.189,0.8249970801249994,-1.854090000000017
0.189225,0.8245799098749994,-1.856297250000017
0.18945,0.8241622429937494,-1.858504500000017
0.18967499999999998,0.8237440794812495,-1.8607117500000168
0.18989999999999999,0.8233254193374995,-1.8629190000000169
0.190125,0.8229062625624994,-1.865126250000017
0.19035,0.8224866091562494,-1.867333500000017
0.190575,0.8220664591187494,-1.8695407500000172
0.1908,0.8216458124499995,-1.8717480000000173
0.191025,0.8212246691499995,-1.8739552500000174
0.19125,0.8208030292187495,-1.8761625000000175
0.191475,0.8203808926562495,-1.8783697500000176
0.19169999999999998,0.8199582594624996,-1.8805770000000173
0.19192499999999998,0.8195351296374995,-1.8827842500000174
0.19215,0.8191115031812495,-1.8849915000000175
0.192375,0.8186873800937494,-1.8871987500000176
0.1926,0.8182627603749995,-1.8894060000000177
0.192825,0.8178376440249995,-1.8916132500000178
0.19305,0.8174120310437495,-1.893820500000018
0.193275,0.8169859214312495,-1.896027750000018
0.1935,0.8165593151874995,-1.898235000000018
0.193725,0.8161322123124994,-1.9004422500000182
0.19394999999999998,0.8157046128062495,-1.9026495000000179
0.194175,0.8152765166687495,-1.904856750000018
0.1944,0.8148479238999995,-1.907064000000018
0.194625,0.8144188344999995,-1.9092712500000182
0.19485,0.8139892484687495,-1.9114785000000183
0.195075,0.8135591658062495,-1.9136857500000184
0.1953,0.8131285865124995,-1.9158930000000185
0.195525,0.8126975105874995,-1.9181002500000186
0.19575,0.8122659380312495,-1.9203075000000187
0.19597499999999998,0.8118338688437495,-1.9225147500000184
0.19619999999999999,0.8114013030249995,-1.9247220000000185
0.196425,0.8109682405749995,-1.9269292500000186
0.19665,0.8105346814937495,-1.9291365000000187
0.196875,0.8101006257812495,-1.9313437500000188
0.1971,0.8096660734374995,-1.933551000000019
0.197325,0.8092310244624995,-1.935758250000019
0.19755,0.8087954788562495,-1.937965500000019
0.197775,0.8083594366187494,-1.9401727500000192
0.19799999999999998,0.8079228977499995,-1.9423800000000189
0.19822499999999998,0.8074858622499995,-1.944587250000019
0.19845,0.8070483301187495,-1.946794500000019
0.198675,0.8066103013562496,-1.9490017500000192
0.1989,0.8061717759624996,-1.9512090000000193
0.199125,0.8057327539374995,-1.9534162500000194
0.19935,0.8052932352812495,-1.9556235000000195
0.199575,0.8048532199937495,-1.9578307500000196
0.1998,0.8044127080749994,-1.9600380000000197
0.200025,0.8039716995249995,-1.9622452500000198
0.20024999999999998,0.8035301943437495,-1.9644525000000195
0.200475,0.8030881925312495,-1.9666597500000196
0.2007,0.8026456940874995,-1.9688670000000197
0.200925,0.8022026990124995,-1.9710742500000198
0.20115,0.8017592073062495,-1.97328150000002
0.201375,0.8013152189687495,-1.97548875000002
0.2016,0.8008707339999994,-1.97769600000002
0.201825,0.8004257523999994,-1.9799032500000202
0.20205,0.7999802741687494,-1.9821105000000203
0.20227499999999998,0.7995342993062494,-1.98431775000002
0.20249999999999999,0.7990878278124994,-1.98652500000002
0.202725,0.7986408596874994,-1.9887322500000202
0.20295,0.7981933949312494,-1.9909395000000203
0.203175,0.7977454335437494,-1.9931467500000204
0.2034,0.7972969755249993,-1.9953540000000205
0.203625,0.7968480208749993,-1.9975612500000206
0.20385,0.7963985695937493,-1.9997685000000207
0.204075,0.7959486216812494,-2.0019757500000206
0.20429999999999998,0.7954981771374994,-2.0041830000000203
0.20452499999999998,0.7950472359624994,-2.0063902500000204
0.20475,0.7945957981562494,-2.0085975000000205
0.204975,0.7941438637187493,-2.0108047500000206
0.2052,0.7936914326499993,-2.0130120000000207
0.205425,0.7932385049499993,-2.015219250000021
0.20565,0.7927850806187492,-2.017426500000021
0.205875,0.7923311596562492,-2.019633750000021
0.2061,0.7918767420624993,-2.021841000000021
0.20632499999999998,0.7914218278374993,-2.0240482500000208
0.20654999999999998,0.7909664169812493,-2.026255500000021
0.206775,0.7905105094937492,-2.028462750000021
0.207,0.7900541053749992,-2.030670000000021
0.207225,0.7895972046249992,-2.032877250000021
0.20745,0.7891398072437491,-2.0350845000000213
0.207675,0.7886819132312491,-2.0372917500000214
0.2079,0.7882235225874992,-2.0394990000000215
0.208125,0.7877646353124992,-2.0417062500000216
0.20835,0.7873052514062492,-2.0439135000000217
0.20857499999999998,0.7868453708687493,-2.0461207500000214
0.20879999999999999,0.7863849936999993,-2.0483280000000215
0.209025,0.7859241198999992,-2.0505352500000216
0.20925,0.7854627494687492,-2.0527425000000217
0.209475,0.7850008824062491,-2.054949750000022
0.2097,0.7845385187124991,-2.057157000000022
0.209925,0.7840756583874992,-2.059364250000022
0.21015,0.7836123014312492,-2.061571500000022
0.210375,0.7831484478437492,-2.063778750000022
0.21059999999999998,0.7826840976249992,-2.065986000000022
0.21082499999999998,0.7822192507749992,-2.068193250000022
0.21105,0.7817539072937492,-2.070400500000022
0.211275,0.7812880671812491,-2.072607750000022
0.2115,0.7808217304374991,-2.0748150000000223
0.211725,0.7803548970624992,-2.0770222500000224
0.21195,0.7798875670562492,-2.0792295000000225
0.212175,0.7794197404187492,-2.0814367500000226
0.2124,0.7789514171499992,-2.0836440000000227
0.21262499999999998,0.7784825972499992,-2.0858512500000224
0.21284999999999998,0.7780132807187492,-2.0880585000000225
0.213075,0.7775434675562491,-2.0902657500000226
0.2133,0.7770731577624992,-2.0924730000000227
0.213525,0.7766023513374992,-2.094680250000023
0.21375,0.7761310482812492,-2.096887500000023
0.213975,0.7756592485937492,-2.099094750000023
0.2142,0.7751869522749992,-2.101302000000023
0.214425,0.7747141593249992,-2.103509250000023
0.21465,0.7742408697437492,-2.1057165000000233
0.21487499999999998,0.7737670835312492,-2.107923750000023
0.21509999999999999,0.7732928006874992,-2.110131000000023
0.215325,0.7728180212124992,-2.112338250000023
0.21555,0.7723427451062492,-2.1145455000000233
0.215775,0.7718669723687492,-2.1167527500000234
0.216,0.7713907029999992,-2.1189600000000235
0.216225,0.7709139369999992,-2.1211672500000236
0.21645,0.7704366743687492,-2.1233745000000237
0.216675,0.7699589151062491,-2.125581750000024
0.21689999999999998,0.7694806592124992,-2.1277890000000235
0.21712499999999998,0.7690019066874992,-2.1299962500000236
0.21735,0.7685226575312493,-2.1322035000000237
0.217575,0.7680429117437493,-2.134410750000024
0.2178,0.7675626693249993,-2.136618000000024
0.218025,0.7670819302749993,-2.138825250000024
0.21825,0.7666006945937492,-2.141032500000024
0.218475,0.7661189622812492,-2.143239750000024
0.2187,0.7656367333374992,-2.1454470000000243
0.21892499999999998,0.7651540077624992,-2.147654250000024
0.21914999999999998,0.7646707855562492,-2.149861500000024
0.219375,0.7641870667187493,-2.152068750000024
0.2196,0.7637028512499993,-2.1542760000000243
0.219825,0.7632181391499993,-2.1564832500000244
0.22005,0.7627329304187492,-2.1586905000000245
0.220275,0.7622472250562492,-2.1608977500000246
0.2205,0.7617610230624992,-2.1631050000000247
0.220725,0.7612743244374991,-2.165312250000025
0.22095,0.7607871291812491,-2.167519500000025
0.22117499999999998,0.7602994372937492,-2.1697267500000246
0.22139999999999999,0.7598112487749992,-2.1719340000000247
0.221625,0.7593225636249992,-2.174141250000025
0.22185,0.7588333818437492,-2.176348500000025
0.222075,0.7583437034312491,-2.178555750000025
0.2223,0.7578535283874991,-2.180763000000025
0.222525,0.757362856712499,-2.182970250000025
0.22275,0.756871688406249,-2.1851775000000253
0.222975,0.756380023468749,-2.1873847500000254
0.22319999999999998,0.755887861899999,-2.189592000000025
0.22342499999999998,0.755395203699999,-2.191799250000025
0.22365,0.754902048868749,-2.1940065000000253
0.223875,0.754408397406249,-2.1962137500000254
0.2241,0.753914249312499,-2.1984210000000255
0.224325,0.7534196045874989,-2.2006282500000256
0.22455,0.7529244632312488,-2.2028355000000257
0.224775,0.7524288252437489,-2.205042750000026
0.225,0.7519326906249989,-2.207250000000026
0.22522499999999998,0.7514360593749989,-2.2094572500000256
0.22544999999999998,0.7509389314937489,-2.2116645000000257
0.225675,0.7504413069812489,-2.213871750000026
0.2259,0.7499431858374989,-2.216079000000026
0.226125,0.7494445680624988,-2.218286250000026
0.22635,0.7489454536562488,-2.220493500000026
0.226575,0.7484458426187488,-2.222700750000026
0.2268,0.7479457349499988,-2.2249080000000263
0.227025,0.7474451306499988,-2.2271152500000264
0.22725,0.7469440297187488,-2.2293225000000265
0.22747499999999998,0.746442432156249,-2.231529750000026
0.22769999999999999,0.7459403379624989,-2.2337370000000263
0.227925,0.7454377471374989,-2.2359442500000264
0.22815,0.7449346596812488,-2.2381515000000265
0.228375,0.7444310755937488,-2.2403587500000266
0.2286,0.7439269948749988,-2.2425660000000267
0.228825,0.7434224175249988,-2.244773250000027
0.22905,0.7429173435437488,-2.246980500000027
0.229275,0.7424117729312488,-2.249187750000027
0.22949999999999998,0.7419057056874989,-2.2513950000000267
0.22972499999999998,0.7413991418124989,-2.253602250000027
0.22995,0.7408920813062488,-2.255809500000027
0.230175,0.7403845241687488,-2.258016750000027
0.2304,0.7398764703999988,-2.260224000000027
0.230625,0.7393679199999988,-2.262431250000027
0.23085,0.7388588729687489,-2.2646385000000273
0.231075,0.7383493293062489,-2.2668457500000274
0.2313,0.7378392890124988,-2.2690530000000275
0.23152499999999998,0.7373287520874989,-2.271260250000027
0.23174999999999998,0.7368177185312489,-2.2734675000000273
0.231975,0.7363061883437488,-2.2756747500000274
0.2322,0.7357941615249988,-2.2778820000000275
0.232425,0.7352816380749988,-2.2800892500000276
0.23265,0.7347686179937488,-2.2822965000000277
0.232875,0.7342551012812488,-2.284503750000028
0.2331,0.7337410879374988,-2.286711000000028
0.233325,0.7332265779624988,-2.288918250000028
0.23354999999999998,0.7327115713562489,-2.2911255000000277
0.23377499999999998,0.7321960681187488,-2.293332750000028
0.23399999999999999,0.7316800682499988,-2.295540000000028
0.234225,0.7311635717499988,-2.297747250000028
0.23445,0.7306465786187488,-2.299954500000028
0.234675,0.7301290888562488,-2.302161750000028
0.2349,0.7296111024624988,-2.3043690000000283
0.235125,0.7290926194374988,-2.3065762500000284
0.23535,0.7285736397812488,-2.3087835000000285
0.235575,0.7280541634937487,-2.3109907500000286
0.23579999999999998,0.7275341905749988,-2.3131980000000283
0.23602499999999998,0.7270137210249988,-2.3154052500000284
0.23625,0.7264927548437489,-2.3176125000000285
0.236475,0.7259712920312489,-2.3198197500000286
0.2367,0.7254493325874989,-2.3220270000000287
0.236925,0.7249268765124989,-2.324234250000029
0.23715,0.7244039238062489,-2.326441500000029
0.237375,0.7238804744687488,-2.328648750000029
0.2376,0.7233565284999988,-2.330856000000029
0.23782499999999998,0.7228320858999988,-2.333063250000029
0.23804999999999998,0.7223071466687488,-2.335270500000029
0.238275,0.7217817108062489,-2.337477750000029
0.2385,0.7212557783124989,-2.339685000000029
0.238725,0.7207293491874989,-2.341892250000029
0.23895,0.7202024234312489,-2.3440995000000293
0.239175,0.7196750010437488,-2.3463067500000294
0.2394,0.7191470820249988,-2.3485140000000295
0.239625,0.7186186663749987,-2.3507212500000296
0.23984999999999998,0.7180897540937488,-2.3529285000000293
0.24007499999999998,0.7175603451812488,-2.3551357500000294
0.24029999999999999,0.7170304396374988,-2.3573430000000295
0.240525,0.7165000374624988,-2.3595502500000296
0.24075,0.7159691386562488,-2.3617575000000297
0.240975,0.7154377432187488,-2.36396475000003
0.2412,0.7149058511499987,-2.36617200000003
0.241425,0.7143734624499987,-2.36837925000003
0.24165,0.7138405771187486,-2.37058650000003
0.241875,0.7133071951562486,-2.3727937500000302
0.24209999999999998,0.7127733165624986,-2.37500100000003
0.24232499999999998,0.7122389413374987,-2.37720825000003
0.24255,0.7117040694812486,-2.37941550000003
0.242775,0.7111687009937486,-2.38162275000003
0.243,0.7106328358749986,-2.3838300000000303
0.243225,0.7100964741249985,-2.3860372500000304
0.24345,0.7095596157437485,-2.3882445000000305
0.243675,0.7090222607312485,-2.3904517500000306
0.2439,0.7084844090874985,-2.3926590000000307
0.24412499999999998,0.7079460608124986,-2.3948662500000304
0.24434999999999998,0.7074072159062486,-2.3970735000000305
0.244575,0.7068678743687485,-2.3992807500000306
0.2448,0.7063280361999985,-2.4014880000000307
0.245025,0.7057877013999985,-2.403695250000031
0.24525,0.7052468699687484,-2.405902500000031
0.245475,0.7047055419062483,-2.408109750000031
0.2457,0.7041637172124984,-2.410317000000031
0.245925,0.7036213958874984,-2.4125242500000312
0.24614999999999998,0.7030785779312484,-2.414731500000031
0.24637499999999998,0.7025352633437484,-2.416938750000031
0.24659999999999999,0.7019914521249984,-2.419146000000031
0.246825,0.7014471442749983,-2.421353250000031
0.24705,0.7009023397937483,-2.4235605000000313
0.247275,0.7003570386812482,-2.4257677500000314
0.2475,0.6998112409374982,-2.4279750000000315
0.247725,0.6992649465624983,-2.4301822500000316
0.24795,0.6987181555562483,-2.4323895000000317
0.248175,0.6981708679187483,-2.434596750000032
0.24839999999999998,0.6976230836499984,-2.4368040000000315
0.24862499999999998,0.6970748027499983,-2.4390112500000316
0.24885,0.6965260252187483,-2.4412185000000317
0.249075,0.6959767510562482,-2.443425750000032
0.2493,0.6954269802624983,-2.445633000000032
0.249525,0.6948767128374983,-2.447840250000032
0.24975,0.6943259487812483,-2.450047500000032
0.249975,0.6937746880937483,-2.4522547500000322
0.2502,0.6932229307749984,-2.454462000000032
0.250425,0.6926706768249983,-2.456669250000032
0.25065,0.6921179262437483,-2.4588765000000317
0.250875,0.6915646790312483,-2.4610837500000318
0.2511,0.6910109351874983,-2.4632910000000314
0.251325,0.6904566947124983,-2.4654982500000315
0.25155,0.6899019576062483,-2.467705500000031
0.25177499999999997,0.6893467238687483,-2.469912750000031
0.252,0.6887909934999982,-2.472120000000031
0.252225,0.6882347664999983,-2.4743272500000306
0.25245,0.6876780428687482,-2.4765345000000307
0.252675,0.6871208226062483,-2.4787417500000304
0.2529,0.6865631057124982,-2.4809490000000305
0.253125,0.6860048921874983,-2.48315625000003
0.25335,0.6854461820312482,-2.4853635000000303
0.253575,0.6848869752437482,-2.48757075000003
0.25379999999999997,0.6843272718249983,-2.4897780000000296
0.254025,0.6837670717749982,-2.4919852500000297
0.25425,0.6832063750937483,-2.4941925000000293
0.254475,0.6826451817812482,-2.4963997500000294
0.2547,0.6820834918374983,-2.498607000000029
0.254925,0.6815213052624982,-2.500814250000029
0.25515,0.6809586220562482,-2.503021500000029
0.255375,0.6803954422187481,-2.505228750000029
0.2556,0.6798317657499982,-2.5074360000000286
0.25582499999999997,0.6792675926499983,-2.5096432500000283
0.25605,0.6787029229187481,-2.5118505000000284
0.256275,0.6781377565562482,-2.514057750000028
0.2565,0.6775720935624981,-2.516265000000028
0.256725,0.6770059339374982,-2.518472250000028
0.25695,0.6764392776812481,-2.520679500000028
0.257175,0.6758721247937481,-2.5228867500000276
0.2574,0.675304475274998,-2.5250940000000277
0.257625,0.6747363291249981,-2.5273012500000274
0.25784999999999997,0.6741676863437482,-2.529508500000027
0.258075,0.6735985469312482,-2.531715750000027
0.2583,0.6730289108874983,-2.533923000000027
0.258525,0.6724587782124982,-2.536130250000027
0.25875,0.6718881489062483,-2.5383375000000266
0.258975,0.6713170229687482,-2.5405447500000267
0.2592,0.6707454003999982,-2.5427520000000263
0.259425,0.6701732811999981,-2.5449592500000264
0.25965,0.6696006653687482,-2.547166500000026
0.25987499999999997,0.6690275529062483,-2.5493737500000258
0.2601,0.6684539438124982,-2.551581000000026
0.260325,0.6678798380874983,-2.5537882500000255
0.26055,0.6673052357312482,-2.5559955000000256
0.260775,0.6667301367437483,-2.5582027500000253
0.261,0.6661545411249982,-2.5604100000000254
0.261225,0.6655784488749982,-2.562617250000025
0.26145,0.6650018599937481,-2.564824500000025
0.261675,0.6644247744812481,-2.567031750000025
0.26189999999999997,0.6638471923374982,-2.5692390000000245
0.262125,0.6632691135624982,-2.5714462500000246
0.26234999999999997,0.6626905381562482,-2.5736535000000242
0.262575,0.6621114661187482,-2.5758607500000243
0.2628,0.6615318974499982,-2.578068000000024
0.263025,0.6609518321499981,-2.580275250000024
0.26325,0.6603712702187482,-2.5824825000000238
0.263475,0.6597902116562481,-2.584689750000024
0.2637,0.6592086564624982,-2.5868970000000235
0.26392499999999997,0.6586266046374982,-2.589104250000023
0.26415,0.6580440561812482,-2.5913115000000233
0.26437499999999997,0.6574610110937482,-2.593518750000023
0.2646,0.6568774693749981,-2.595726000000023
0.264825,0.6562934310249982,-2.5979332500000227
0.26505,0.655708896043748,-2.600140500000023
0.265275,0.6551238644312481,-2.6023477500000225
0.2655,0.654538336187498,-2.6045550000000226
0.265725,0.6539523113124981,-2.6067622500000223
0.26595,0.653365789806248,-2.6089695000000224
0.266175,0.6527787716687481,-2.611176750000022
0.26639999999999997,0.6521912568999981,-2.6133840000000217
0.266625,0.651603245499998,-2.615591250000022
0.26685,0.651014737468748,-2.6177985000000215
0.267075,0.6504257328062479,-2.6200057500000216
0.2673,0.649836231512498,-2.622213000000021
0.267525,0.6492462335874979,-2.6244202500000213
0.26775,0.648655739031248,-2.626627500000021
0.267975,0.6480647478437479,-2.628834750000021
0.2682,0.6474732600249979,-2.6310420000000208
0.26842499999999997,0.646881275574998,-2.6332492500000204
0.26865,0.6462887944937479,-2.6354565000000205
0.268875,0.645695816781248,-2.63766375000002
0.2691,0.6451023424374979,-2.6398710000000203
0.269325,0.644508371462498,-2.64207825000002
0.26955,0.6439139038562479,-2.64428550000002
0.269775,0.643318939618748,-2.6464927500000197
0.27,0.6427234787499979,-2.64870000000002
0.270225,0.642127521249998,-2.6509072500000195
0.27044999999999997,0.641531067118748,-2.653114500000019
0.270675,0.6409341163562479,-2.6553217500000192
0.2709,0.640336668962498,-2.657529000000019
0.271125,0.6397387249374978,-2.659736250000019
0.27135,0.6391402842812479,-2.6619435000000187
0.271575,0.6385413469937479,-2.6641507500000188
0.2718,0.6379419130749979,-2.6663580000000184
0.272025,0.6373419825249979,-2.6685652500000185
0.27225,0.6367415553437479,-2.670772500000018
0.27247499999999997,0.6361406315312479,-2.672979750000018
0.2727,0.6355392110874978,-2.675187000000018
0.272925,0.6349372940124979,-2.6773942500000176
0.27315,0.6343348803062477,-2.6796015000000177
0.273375,0.6337319699687478,-2.6818087500000174
0.2736,0.6331285629999978,-2.6840160000000175
0.273825,0.6325246593999978,-2.686223250000017
0.27405,0.6319202591687477,-2.6884305000000173
0.274275,0.6313153623062477,-2.690637750000017
0.27449999999999997,0.6307099688124979,-2.6928450000000166
0.274725,0.6301040786874977,-2.6950522500000167
0.27494999999999997,0.6294976919312478,-2.6972595000000164
0.275175,0.6288908085437478,-2.6994667500000165
0.2754,0.6282834285249979,-2.701674000000016
0.275625,0.6276755518749978,-2.7038812500000162
0.27585,0.6270671785937478,-2.706088500000016
0.276075,0.6264583086812477,-2.708295750000016
0.2763,0.6258489421374978,-2.7105030000000156
0.27652499999999997,0.6252390789624979,-2.7127102500000153
0.27675,0.6246287191562477,-2.7149175000000154
0.27697499999999997,0.6240178627187478,-2.717124750000015
0.2772,0.6234065096499978,-2.719332000000015
0.277425,0.6227946599499978,-2.721539250000015
0.27765,0.6221823136187478,-2.723746500000015
0.277875,0.6215694706562478,-2.7259537500000146
0.2781,0.6209561310624977,-2.7281610000000147
0.278325,0.6203422948374978,-2.7303682500000144
0.27855,0.6197279619812477,-2.7325755000000145
0.278775,0.6191131324937478,-2.734782750000014
0.27899999999999997,0.6184978063749978,-2.736990000000014
0.279225,0.6178819836249978,-2.739197250000014
0.27945,0.6172656642437478,-2.7414045000000136
0.279675,0.6166488482312478,-2.7436117500000137
0.2799,0.6160315355874978,-2.7458190000000133
0.280125,0.6154137263124977,-2.7480262500000134
0.28035,0.6147954204062478,-2.750233500000013
0.280575,0.6141766178687477,-2.752440750000013
0.2808,0.6135573186999977,-2.754648000000013
0.28102499999999997,0.6129375228999978,-2.7568552500000125
0.28125,0.6123172304687478,-2.7590625000000126
0.281475,0.6116964414062478,-2.7612697500000123
0.2817,0.6110751557124977,-2.7634770000000124
0.281925,0.6104533733874977,-2.765684250000012
0.28215,0.6098310944312476,-2.767891500000012
0.282375,0.6092083188437477,-2.770098750000012
0.2826,0.6085850466249976,-2.772306000000012
0.282825,0.6079612777749976,-2.7745132500000116
0.28304999999999997,0.6073370122937477,-2.7767205000000112
0.283275,0.6067122501812476,-2.7789277500000114
0.2835,0.6060869914374977,-2.781135000000011
0.283725,0.6054612360624976,-2.783342250000011
0.28395,0.6048349840562477,-2.785549500000011
0.284175,0.6042082354187476,-2.787756750000011
0.2844,0.6035809901499977,-2.7899640000000105
0.284625,0.6029532482499976,-2.7921712500000107
0.28485,0.6023250097187477,-2.7943785000000103
0.28507499999999997,0.6016962745562477,-2.79658575000001
0.2853,0.6010670427624977,-2.79879300000001
0.285525,0.6004373143374977,-2.8010002500000097
0.28575,0.5998070892812476,-2.80320750000001
0.285975,0.5991763675937477,-2.8054147500000095
0.2862,0.5985451492749976,-2.8076220000000096
0.286425,0.5979134343249977,-2.8098292500000093
0.28665,0.5972812227437476,-2.8120365000000094
0.286875,0.5966485145312477,-2.814243750000009
0.28709999999999997,0.5960153096874977,-2.8164510000000087
0.287325,0.5953816082124976,-2.818658250000009
0.28755,0.5947474101062477,-2.8208655000000085
0.287775,0.5941127153687475,-2.8230727500000086
0.288,0.5934775239999976,-2.8252800000000082
0.288225,0.5928418359999975,-2.8274872500000083
0.28845,0.5922056513687476,-2.829694500000008
0.288675,0.5915689701062475,-2.831901750000008
0.2889,0.5909317922124976,-2.8341090000000078
0.28912499999999997,0.5902941176874976,-2.8363162500000074
0.28935,0.5896559465312475,-2.8385235000000075
0.28957499999999997,0.5890172787437477,-2.840730750000007
0.2898,0.5883781143249975,-2.8429380000000073
0.290025,0.5877384532749976,-2.845145250000007
0.29025,0.5870982955937475,-2.847352500000007
0.290475,0.5864576412812476,-2.8495597500000067
0.2907,0.5858164903374975,-2.851767000000007
0.290925,0.5851748427624975,-2.8539742500000065
0.29114999999999996,0.5845326985562476,-2.856181500000006
0.291375,0.5838900577187475,-2.8583887500000063
0.29159999999999997,0.5832469202499976,-2.860596000000006
0.291825,0.5826032861499975,-2.862803250000006
0.29205,0.5819591554187475,-2.8650105000000057
0.292275,0.5813145280562475,-2.867217750000006
0.2925,0.5806694040624976,-2.8694250000000054
0.292725,0.5800237834374975,-2.8716322500000055
0.29295,0.5793776661812475,-2.873839500000005
0.293175,0.5787310522937474,-2.8760467500000053
0.2934,0.5780839417749976,-2.878254000000005
0.29362499999999997,0.5774363346249977,-2.8804612500000046
0.29385,0.5767882308437475,-2.8826685000000047
0.294075,0.5761396304312476,-2.8848757500000044
0.2943,0.5754905333874976,-2.8870830000000045
0.294525,0.5748409397124976,-2.889290250000004
0.29475,0.5741908494062475,-2.8914975000000043
0.294975,0.5735402624687476,-2.893704750000004
0.2952,0.5728891788999975,-2.895912000000004
0.295425,0.5722375986999976,-2.8981192500000037
0.29564999999999997,0.5715855218687477,-2.9003265000000034
0.295875,0.5709329484062475,-2.9025337500000035
0.2961,0.5702798783124976,-2.904741000000003
0.296325,0.5696263115874975,-2.9069482500000032
0.29655,0.5689722482312476,-2.909155500000003
0.296775,0.5683176882437475,-2.911362750000003
0.297,0.5676626316249975,-2.9135700000000027
0.297225,0.5670070783749974,-2.9157772500000028
0.29745,0.5663510284937475,-2.9179845000000024
0.29767499999999997,0.5656944819812476,-2.920191750000002
0.2979,0.5650374388374976,-2.922399000000002
0.298125,0.5643798990624976,-2.924606250000002
0.29835,0.5637218626562476,-2.926813500000002
0.298575,0.5630633296187476,-2.9290207500000016
0.2988,0.5624042999499975,-2.9312280000000017
0.299025,0.5617447736499976,-2.9334352500000014
0.29925,0.5610847507187475,-2.9356425000000015
0.299475,0.5604242311562476,-2.937849750000001
0.29969999999999997,0.5597632149624977,-2.940057000000001
0.299925,0.5591017021374977,-2.942264250000001
0.30015,0.5584396926812477,-2.9444715000000006
0.300375,0.5577771865937476,-2.9466787500000007
0.3006,0.5571141838749977,-2.9488860000000003
0.300825,0.5564506845249976,-2.9510932500000004
0.30105,0.5557866885437477,-2.9533005
0.301275,0.5551221959312476,-2.95550775
0.3015,0.5544572066874977,-2.957715
0.30172499999999997,0.5537917208124977,-2.9599222499999995
0.30195,0.5531257383062477,-2.9621294999999996
0.30217499999999997,0.5524592591687477,-2.9643367499999993
0.3024,0.5517922833999976,-2.9665439999999994
0.302625,0.5511248109999977,-2.968751249999999
0.30285,0.5504568419687476,-2.970958499999999
0.303075,0.5497883763062477,-2.973165749999999
0.3033,0.5491194140124975,-2.975372999999999
0.303525,0.5484499550874976,-2.9775802499999986
0.30374999999999996,0.5477799995312477,-2.9797874999999983
0.303975,0.5471095473437476,-2.9819947499999984
0.30419999999999997,0.5464385985249977,-2.984201999999998
0.304425,0.5457671530749976,-2.986409249999998
0.30465,0.5450952109937477,-2.988616499999998
0.304875,0.5444227722812476,-2.990823749999998
0.3051,0.5437498369374977,-2.9930309999999976
0.305325,0.5430764049624975,-2.9952382499999977
0.30555,0.5424024763562476,-2.9974454999999973
0.305775,0.5417280511187476,-2.9996527499999974
0.306,0.5410531292499976,-3.001859999999997
0.30622499999999997,0.5403777107499976,-3.0040672499999967
0.30645,0.5397017956187475,-3.006274499999997
0.306675,0.5390253838562477,-3.0084817499999965
0.3069,0.5383484754624975,-3.0106889999999966
0.307125,0.5376710704374976,-3.0128962499999963
0.30735,0.5369931687812475,-3.0151034999999964
0.307575,0.5363147704937475,-3.017310749999996
0.3078,0.5356358755749975,-3.019517999999996
0.308025,0.5349564840249975,-3.021725249999996
0.30824999999999997,0.5342765958437475,-3.0239324999999955
0.308475,0.5335962110312474,-3.0261397499999956
0.3087,0.5329153295874975,-3.0283469999999952
0.308925,0.5322339515124974,-3.0305542499999953
0.30915,0.5315520768062475,-3.032761499999995
0.309375,0.5308697054687475,-3.034968749999995
0.3096,0.5301868374999975,-3.0371759999999948
0.309825,0.5295034728999974,-3.039383249999995
0.31005,0.5288196116687475,-3.0415904999999945
0.31027499999999997,0.5281352538062476,-3.043797749999994
0.3105,0.5274503993124975,-3.0460049999999943
0.310725,0.5267650481874976,-3.048212249999994
0.31095,0.5260792004312475,-3.050419499999994
0.311175,0.5253928560437475,-3.0526267499999937
0.3114,0.5247060150249975,-3.054833999999994
0.311625,0.5240186773749975,-3.0570412499999935
0.31185,0.5233308430937474,-3.0592484999999936
0.312075,0.5226425121812476,-3.0614557499999933
0.31229999999999997,0.5219536846374977,-3.063662999999993
0.312525,0.5212643604624976,-3.065870249999993
0.31275,0.5205745396562477,-3.0680774999999927
0.312975,0.5198842222187475,-3.070284749999993
0.3132,0.5191934081499976,-3.0724919999999925
0.313425,0.5185020974499975,-3.0746992499999926
0.31365,0.5178102901187476,-3.076906499999992
0.313875,0.5171179861562475,-3.0791137499999923
0.3141,0.5164251855624976,-3.081320999999992
0.31432499999999997,0.5157318883374977,-3.0835282499999916
0.31455,0.5150380944812476,-3.0857354999999917
0.31477499999999997,0.5143438039937477,-3.0879427499999914
0.315,0.5136490168749976,-3.0901499999999915
0.315225,0.5129537331249977,-3.092357249999991
0.31545,0.5122579527437476,-3.0945644999999913
0.315675,0.5115616757312477,-3.096771749999991
0.3159,0.5108649020874976,-3.098978999999991
0.316125,0.5101676318124977,-3.1011862499999907
0.31634999999999996,0.5094698649062478,-3.1033934999999904
0.316575,0.5087716013687477,-3.1056007499999905
0.31679999999999997,0.5080728411999977,-3.10780799999999
0.317025,0.5073735843999977,-3.1100152499999902
0.31725,0.5066738309687477,-3.11222249999999
0.317475,0.5059735809062477,-3.11442974999999
0.3177,0.5052728342124978,-3.1166369999999897
0.317925,0.5045715908874977,-3.1188442499999898
0.31815,0.5038698509312478,-3.1210514999999894
0.31837499999999996,0.5031676143437479,-3.123258749999989
0.3186,0.5024648811249978,-3.125465999999989
0.31882499999999997,0.5017616512749978,-3.127673249999989
0.31905,0.5010579247937478,-3.129880499999989
0.319275,0.5003537016812478,-3.1320877499999886
0.3195,0.49964898193749774,-3.1342949999999887
0.319725,0.4989437655624978,-3.1365022499999884
0.31995,0.4982380525562477,-3.1387094999999885
0.320175,0.4975318429187478,-3.140916749999988
0.3204,0.4968251366499977,-3.1431239999999883
0.320625,0.4961179337499978,-3.145331249999988
0.32084999999999997,0.49541023421874786,-3.1475384999999876
0.321075,0.49470203805624774,-3.1497457499999877
0.3213,0.49399334526249783,-3.1519529999999873
0.321525,0.49328415583749774,-3.1541602499999875
0.32175,0.4925744697812478,-3.156367499999987
0.321975,0.4918642870937477,-3.158574749999987
0.3222,0.4911536077749978,-3.160781999999987
0.322425,0.4904424318249977,-3.162989249999987
0.32265,0.48973075924374776,-3.1651964999999866
0.32287499999999997,0.48901859003124787,-3.1674037499999863
0.3231,0.4883059241874978,-3.1696109999999864
0.323325,0.4875927617124979,-3.171818249999986
0.32355,0.4868791026062478,-3.174025499999986
0.323775,0.48616494686874784,-3.176232749999986
0.324,0.48545029449999777,-3.178439999999986
0.324225,0.48473514549999785,-3.1806472499999856
0.32445,0.48401949986874776,-3.1828544999999857
0.324675,0.4833033576062478,-3.1850617499999854
0.32489999999999997,0.4825867187124979,-3.187268999999985
0.325125,0.48186958318749784,-3.189476249999985
0.32535,0.4811519510312479,-3.191683499999985
0.325575,0.4804338222437478,-3.193890749999985
0.3258,0.4797151968249979,-3.1960979999999846
0.326025,0.47899607477499784,-3.1983052499999847
0.32625,0.4782764560937479,-3.2005124999999843
0.326475,0.4775563407812478,-3.2027197499999844
0.3267,0.4768357288374979,-3.204926999999984
0.32692499999999997,0.476114620262498,-3.2071342499999838
0.32715,0.4753930150562479,-3.209341499999984
0.32737499999999997,0.474670913218748,-3.2115487499999835
0.3276,0.4739483147499979,-3.2137559999999836
0.327825,0.473225219649998,-3.2159632499999833
0.32805,0.4725016279187479,-3.2181704999999834
0.328275,0.47177753955624796,-3.220377749999983
0.3285,0.47105295456249785,-3.222584999999983
0.328725,0.47032787293749795,-3.224792249999983
0.32894999999999996,0.46960229468124803,-3.2269994999999825
0.329175,0.46887621979374794,-3.2292067499999826
0.32939999999999997,0.468149648274998,-3.2314139999999822
0.329625,0.4674225801249979,-3.2336212499999823
0.32985,0.46669501534374797,-3.235828499999982
0.330075,0.4659669539312479,-3.238035749999982
0.3303,0.46523839588749794,-3.2402429999999818
0.330525,0.4645093412124978,-3.242450249999982
0.33075,0.4637797899062479,-3.2446574999999815
0.33097499999999996,0.463049741968748,-3.246864749999981
0.3312,0.4623191973999979,-3.2490719999999813
0.33142499999999997,0.461588156199998,-3.251279249999981
0.33165,0.4608566183687479,-3.253486499999981
0.331875,0.460124583906248,-3.2556937499999807
0.3321,0.4593920528124979,-3.257900999999981
0.332325,0.458659025087498,-3.2601082499999805
0.33255,0.45792550073124794,-3.2623154999999806
0.332775,0.457191479743748,-3.2645227499999803
0.333,0.4564569621249979,-3.2667299999999804
0.333225,0.45572194787499803,-3.26893724999998
0.33344999999999997,0.45498643699374813,-3.2711444999999797
0.333675,0.45425042948124805,-3.27335174999998
0.3339,0.4535139253374981,-3.2755589999999795
0.334125,0.452776924562498,-3.2777662499999796
0.33435,0.4520394271562481,-3.2799734999999792
0.334575,0.45130143311874804,-3.2821807499999793
0.3348,0.4505629424499981,-3.284387999999979
0.335025,0.449823955149998,-3.286595249999979
0.33525,0.4490844712187481,-3.2888024999999788
0.33547499999999997,0.4483444906562482,-3.2910097499999784
0.3357,0.4476040134624981,-3.2932169999999785
0.335925,0.4468630396374982,-3.295424249999978
0.33615,0.44612156918124807,-3.2976314999999783
0.336375,0.44537960209374816,-3.299838749999978
0.3366,0.4446371383749981,-3.302045999999978
0.336825,0.44389417802499814,-3.3042532499999777
0.33705,0.44315072104374803,-3.306460499999978
0.337275,0.4424067674312481,-3.3086677499999775
0.33749999999999997,0.4416623171874982,-3.310874999999977
0.337725,0.4409173703124981,-3.3130822499999772
0.33795,0.4401719268062482,-3.315289499999977
0.338175,0.4394259866687481,-3.317496749999977
0.3384,0.4386795498999982,-3.3197039999999767
0.338625,0.4379326164999981,-3.321911249999977
0.33885,0.4371851864687482,-3.3241184999999764
0.339075,0.4364372598062481,-3.3263257499999765
0.3393,0.4356888365124982,-3.328532999999976
0.33952499999999997,0.43493991658749825,-3.330740249999976
0.33975,0.43419050003124815,-3.332947499999976
0.33997499999999997,0.43344058684374825,-3.3351547499999756
0.3402,0.4326901770249982,-3.3373619999999757
0.340425,0.43193927057499826,-3.3395692499999754
0.34065,0.43118786749374816,-3.3417764999999755
0.340875,0.43043596778124826,-3.343983749999975
0.3411,0.4296835714374982,-3.3461909999999753
0.341325,0.42893067846249827,-3.348398249999975
0.34154999999999996,0.42817728885624834,-3.3506054999999746
0.341775,0.4274234026187482,-3.3528127499999747
0.34199999999999997,0.4266690197499983,-3.3550199999999744
0.342225,0.42591414024999824,-3.3572272499999745
0.34245,0.4251587641187483,-3.359434499999974
0.342675,0.4244028913562482,-3.3616417499999742
0.3429,0.4236465219624983,-3.363848999999974
0.343125,0.4228896559374982,-3.366056249999974
0.34335,0.4221322932812483,-3.3682634999999737
0.34357499999999996,0.4213744339937484,-3.3704707499999733
0.3438,0.4206160780749983,-3.3726779999999734
0.34402499999999997,0.4198572255249984,-3.374885249999973
0.34425,0.4190978763437483,-3.377092499999973
0.344475,0.41833803053124835,-3.379299749999973
0.3447,0.41757768808749823,-3.381506999999973
0.344925,0.4168168490124983,-3.3837142499999726
0.34515,0.41605551330624824,-3.3859214999999727
0.345375,0.4152936809687483,-3.3881287499999724
0.3456,0.4145313519999982,-3.3903359999999725
0.345825,0.4137685263999983,-3.392543249999972
0.34604999999999997,0.41300520416874836,-3.394750499999972
0.346275,0.41224138530624826,-3.396957749999972
0.3465,0.4114770698124984,-3.3991649999999716
0.346725,0.41071225768749825,-3.4013722499999717
0.34695,0.40994694893124833,-3.4035794999999713
0.347175,0.40918114354374824,-3.4057867499999714
0.3474,0.40841484152499835,-3.407993999999971
0.347625,0.40764804287499823,-3.410201249999971
0.34785,0.4068807475937483,-3.412408499999971
0.34807499999999997,0.4061129556812484,-3.4146157499999705
0.3483,0.4053446671374983,-3.4168229999999706
0.348525,0.4045758819624984,-3.4190302499999703
0.34875,0.4038066001562483,-3.4212374999999704
0.348975,0.4030368217187484,-3.42344474999997
0.3492,0.4022665466499983,-3.42565199999997
0.349425,0.4014957749499984,-3.42785924999997
0.34965,0.4007245066187483,-3.43006649999997
0.349875,0.3999527416562484,-3.4322737499999696
0.35009999999999997,0.39918048006249846,-3.4344809999999693
0.350325,0.39840772183749834,-3.4366882499999694
0.35055,0.39763446698124844,-3.438895499999969
0.350775,0.39686071549374835,-3.441102749999969
0.351,0.3960864673749984,-3.443309999999969
0.351225,0.3953117226249983,-3.445517249999969
0.35145,0.3945364812437484,-3.4477244999999686
0.351675,0.3937607432312483,-3.4499317499999687
0.3519,0.3929845085874984,-3.4521389999999683
0.35212499999999997,0.3922077773124985,-3.454346249999968
0.35235,0.3914305494062484,-3.456553499999968
0.35257499999999997,0.39065282486874847,-3.4587607499999677
0.3528,0.3898746036999984,-3.460967999999968
0.353025,0.3890958858999985,-3.4631752499999675
0.35325,0.3883166714687484,-3.4653824999999676
0.353475,0.38753696040624847,-3.4675897499999673
0.3537,0.3867567527124984,-3.4697969999999674
0.353925,0.3859760483874985,-3.472004249999967
0.35414999999999996,0.3851948474312486,-3.4742114999999667
0.354375,0.3844131498437485,-3.476418749999967
0.35459999999999997,0.3836309556249986,-3.4786259999999665
0.354825,0.3828482647749985,-3.4808332499999666
0.35505,0.3820650772937486,-3.4830404999999662
0.355275,0.3812813931812485,-3.4852477499999663
0.3555,0.38049721243749857,-3.487454999999966
0.355725,0.37971253506249847,-3.489662249999966
0.35595,0.3789273610562486,-3.4918694999999658
0.35617499999999996,0.3781416904187487,-3.4940767499999654
0.3564,0.3773555231499986,-3.4962839999999655
0.35662499999999997,0.37656885924999867,-3.498491249999965
0.35685,0.37578169871874856,-3.5006984999999653
0.357075,0.37499404155624866,-3.502905749999965
0.3573,0.3742058877624986,-3.505112999999965
0.357525,0.37341723733749865,-3.5073202499999647
0.35775,0.37262809028124855,-3.509527499999965
0.357975,0.37183844659374865,-3.5117347499999645
0.35819999999999996,0.37104830627499874,-3.513941999999964
0.358425,0.37025766932499865,-3.5161492499999643
0.35864999999999997,0.36946653574374877,-3.518356499999964
0.358875,0.36867490553124865,-3.520563749999964
0.3591,0.36788277868749875,-3.5227709999999637
0.359325,0.36709015521249866,-3.524978249999964
0.35955,0.3662970351062488,-3.5271854999999634
0.359775,0.36550341836874867,-3.5293927499999636
0.36,0.36470930499999876,-3.531599999999963
0.360225,0.3639146949999987,-3.5338072499999633
0.36045,0.36311958836874875,-3.536014499999963
0.36067499999999997,0.36232398510624886,-3.5382217499999626
0.3609,0.36152788521249873,-3.5404289999999627
0.361125,0.3607312886874988,-3.5426362499999624
0.36135,0.3599341955312487,-3.5448434999999625
0.361575,0.35913660574374884,-3.547050749999962
0.3618,0.3583385193249987,-3.5492579999999623
0.362025,0.3575399362749988,-3.551465249999962
0.36225,0.3567408565937487,-3.553672499999962
0.362475,0.35594128028124883,-3.5558797499999617
0.36269999999999997,0.35514120733749893,-3.5580869999999614
0.362925,0.35434063776249886,-3.5602942499999615
0.36315,0.35353957155624893,-3.562501499999961
0.363375,0.35273800871874883,-3.5647087499999612
0.3636,0.35193594924999894,-3.566915999999961
0.363825,0.35113339314999886,-3.569123249999961
0.36405,0.35033034041874894,-3.5713304999999607
0.364275,0.34952679105624884,-3.5735377499999608
0.3645,0.34872274506249895,-3.5757449999999604
0.36472499999999997,0.34791820243749905,-3.57795224999996
0.36495,0.34711316318124896,-3.58015949999996
0.36517499999999997,0.3463076272937491,-3.58236674999996
0.3654,0.345501594774999,-3.58457399999996
0.365625,0.3446950656249991,-3.5867812499999596
0.36585,0.343888039843749,-3.5889884999999597
0.366075,0.34308051743124907,-3.5911957499999594
0.3663,0.34227249838749896,-3.5934029999999595
0.366525,0.34146398271249906,-3.595610249999959
0.36674999999999996,0.34065497040624915,-3.597817499999959
0.366975,0.33984546146874905,-3.600024749999959
0.36719999999999997,0.33903545589999917,-3.6022319999999586
0.367425,0.33822495369999905,-3.6044392499999587
0.36765,0.33741395486874914,-3.6066464999999583
0.367875,0.33660245940624905,-3.6088537499999584
0.3681,0.3357904673124992,-3.611060999999958
0.368325,0.33497797858749906,-3.613268249999958
0.36855,0.33416499323124915,-3.615475499999958
0.36877499999999996,0.33335151124374923,-3.6176827499999575
0.369,0.33253753262499913,-3.6198899999999576
0.36922499999999997,0.33172305737499924,-3.6220972499999573
0.36945,0.3309080854937491,-3.6243044999999574
0.369675,0.3300926169812492,-3.626511749999957
0.3699,0.3292766518374991,-3.628718999999957
0.370125,0.3284601900624992,-3.630926249999957
0.37035,0.3276432316562491,-3.633133499999957
0.370575,0.3268257766187492,-3.6353407499999566
0.37079999999999996,0.32600782494999925,-3.6375479999999563
0.371025,0.32518937664999914,-3.6397552499999564
0.37124999999999997,0.32437043171874924,-3.641962499999956
0.371475,0.32355099015624916,-3.644169749999956
0.3717,0.32273105196249924,-3.646376999999956
0.371925,0.32191061713749913,-3.648584249999956
0.37215,0.32108968568124924,-3.6507914999999556
0.372375,0.32026825759374916,-3.6529987499999557
0.3726,0.31944633287499924,-3.6552059999999553
0.372825,0.31862391152499914,-3.6574132499999554
0.37305,0.31780099354374924,-3.659620499999955
0.37327499999999997,0.31697757893124934,-3.6618277499999548
0.3735,0.31615366768749925,-3.664034999999955
0.373725,0.3153292598124994,-3.6662422499999545
0.37395,0.31450435530624926,-3.6684494999999546
0.374175,0.31367895416874936,-3.6706567499999543
0.3744,0.3128530563999993,-3.6728639999999544
0.374625,0.3120266619999994,-3.675071249999954
0.37485,0.3111997709687493,-3.677278499999954
0.375075,0.3103723833062494,-3.679485749999954
0.37529999999999997,0.3095444990124995,-3.6816929999999535
0.375525,0.3087161180874994,-3.6839002499999536
0.37575,0.3078872405312495,-3.6861074999999532
0.375975,0.3070578663437494,-3.6883147499999533
0.3762,0.30622799552499946,-3.690521999999953
0.376425,0.30539762807499937,-3.692729249999953
0.37665,0.3045667639937495,-3.6949364999999528
0.376875,0.30373540328124937,-3.697143749999953
0.3771,0.30290354593749946,-3.6993509999999525
0.37732499999999997,0.30207119196249954,-3.701558249999952
0.37755,0.30123834135624944,-3.7037654999999523
0.37777499999999997,0.30040499411874955,-3.705972749999952
0.378,0.2995711502499994,-3.708179999999952
0.378225,0.2987368097499995,-3.7103872499999517
0.37845,0.2979019726187494,-3.712594499999952
0.378675,0.2970666388562495,-3.7148017499999515
0.3789,0.2962308084624994,-3.7170089999999516
0.379125,0.29539448143749947,-3.7192162499999513
0.37934999999999997,0.2945576577812496,-3.721423499999951
0.379575,0.2937203374937495,-3.723630749999951
0.37979999999999997,0.2928825205749996,-3.7258379999999507
0.380025,0.2920442070249995,-3.728045249999951
0.38025,0.29120539684374963,-3.7302524999999505
0.380475,0.2903660900312495,-3.7324597499999506
0.3807,0.2895262865874996,-3.73466699999995
0.380925,0.28868598651249955,-3.7368742499999503
0.38115,0.2878451898062497,-3.73908149999995
0.38137499999999996,0.2870038964687498,-3.7412887499999496
0.3816,0.2861621064999997,-3.7434959999999498
0.38182499999999997,0.28531981989999977,-3.7457032499999494
0.38205,0.2844770366687497,-3.7479104999999495
0.382275,0.2836337568062498,-3.750117749999949
0.3825,0.2827899803124997,-3.7523249999999493
0.382725,0.2819457071874998,-3.754532249999949
0.38295,0.2811009374312497,-3.756739499999949
0.383175,0.2802556710437498,-3.7589467499999487
0.38339999999999996,0.27940990802499993,-3.7611539999999484
0.383625,0.2785636483749998,-3.7633612499999485
0.38384999999999997,0.2777168920937499,-3.765568499999948
0.384075,0.2768696391812498,-3.7677757499999482
0.3843,0.2760218896374999,-3.769982999999948
0.384525,0.2751736434624998,-3.772190249999948
0.38475,0.27432490065624987,-3.7743974999999477
0.384975,0.2734756612187498,-3.7766047499999478
0.3852,0.2726259251499999,-3.7788119999999474
0.38542499999999996,0.27177569245,-3.781019249999947
0.38565,0.2709249631187499,-3.783226499999947
0.38587499999999997,0.27007373715625005,-3.785433749999947
0.3861,0.26922201456249995,-3.787640999999947
0.386325,0.26836979533750005,-3.7898482499999466
0.38655,0.2675170794812499,-3.7920554999999467
0.386775,0.26666386699375,-3.7942627499999464
0.387,0.2658101578749999,-3.7964699999999465
0.387225,0.264955952125,-3.798677249999946
0.38745,0.2641012497437499,-3.8008844999999463
0.387675,0.26324605073124996,-3.803091749999946
0.38789999999999997,0.2623903550875001,-3.8052989999999456
0.388125,0.26153416281249997,-3.8075062499999457
0.38835,0.26067747390625007,-3.8097134999999454
0.388575,0.25982028836875,-3.8119207499999455
0.3888,0.2589626062000001,-3.814127999999945
0.389025,0.2581044274,-3.8163352499999452
0.38925,0.2572457519687501,-3.818542499999945
0.389475,0.25638657990625,-3.820749749999945
0.3897,0.25552691121250015,-3.8229569999999446
0.38992499999999997,0.25466674588750027,-3.8251642499999443
0.39015,0.25380608393125015,-3.8273714999999444
0.39037499999999997,0.25294492534375024,-3.829578749999944
0.3906,0.25208327012500015,-3.831785999999944
0.390825,0.25122111827500027,-3.833993249999944
0.39105,0.25035846979375015,-3.836200499999944
0.391275,0.24949532468125027,-3.8384077499999436
0.3915,0.24863168293750015,-3.8406149999999437
0.391725,0.24776754456250027,-3.8428222499999434
0.39194999999999997,0.24690290955625038,-3.845029499999943
0.392175,0.24603777791875028,-3.847236749999943
0.39239999999999997,0.2451721496500004,-3.849443999999943
0.392625,0.2443060247500003,-3.851651249999943
0.39285,0.2434394032187504,-3.8538584999999426
0.393075,0.2425722850562503,-3.8560657499999427
0.3933,0.24170467026250042,-3.8582729999999423
0.393525,0.24083655883750033,-3.8604802499999424
0.39375,0.23996795078125044,-3.862687499999942
0.39397499999999996,0.23909884609375054,-3.8648947499999418
0.3942,0.23822924477500043,-3.867101999999942
0.39442499999999997,0.23735914682500053,-3.8693092499999415
0.39465,0.23648855224375043,-3.8715164999999416
0.394875,0.23561746103125053,-3.8737237499999413
0.3951,0.23474587318750043,-3.8759309999999414
0.395325,0.23387378871250053,-3.878138249999941
0.39555,0.23300120760625043,-3.880345499999941
0.395775,0.23212812986875053,-3.882552749999941
0.39599999999999996,0.23125455550000065,-3.8847599999999405
0.396225,0.23038048450000054,-3.8869672499999406
0.39644999999999997,0.22950591686875066,-3.8891744999999402
0.396675,0.22863085260625055,-3.8913817499999404
0.3969,0.22775529171250067,-3.89358899999994
0.397125,0.22687923418750056,-3.89579624999994
0.39735,0.22600268003125065,-3.89800349999994
0.397575,0.22512562924375054,-3.90021074999994
0.3978,0.22424808182500064,-3.9024179999999395
0.39802499999999996,0.22337003777500075,-3.904625249999939
0.39825,0.22249149709375066,-3.9068324999999393
0.39847499999999997,0.22161245978125077,-3.909039749999939
0.3987,0.22073292583750068,-3.911246999999939
0.398925,0.2198528952625008,-3.9134542499999387
0.39915,0.21897236805625067,-3.915661499999939
0.399375,0.2180913442187508,-3.9178687499999385
0.3996,0.21720982375000067,-3.9200759999999386
0.399825,0.2163278066500008,-3.9222832499999383
0.40005,0.21544529291875067,-3.9244904999999384
0.400275,0.2145622825562508,-3.926697749999938
0.40049999999999997,0.2136787755625009,-3.9289049999999377
0.400725,0.2127947719375008,-3.931112249999938
0.40095,0.2119102716812509,-3.9333194999999375
0.401175,0.2110252747937508,-3.9355267499999376
0.4014,0.2101397812750009,-3.9377339999999372
0.401625,0.2092537911250008,-3.9399412499999373
0.40185,0.20836730434375092,-3.942148499999937
0.402075,0.20748032093125082,-3.944355749999937
0.4023,0.20659284088750093,-3.9465629999999368
0.40252499999999997,0.20570486421250106,-3.9487702499999364
0.40275,0.20481639090625095,-3.9509774999999365
0.40297499999999997,0.20392742096875105,-3.953184749999936
0.4032,0.20303795440000094,-3.9553919999999363
0.403425,0.20214799120000104,-3.957599249999936
0.40365,0.20125753136875094,-3.959806499999936
0.403875,0.20036657490625104,-3.9620137499999357
0.4041,0.19947512181250093,-3.964220999999936
0.404325,0.19858317208750104,-3.9664282499999355
0.40454999999999997,0.19769072573125115,-3.968635499999935
0.404775,0.19679778274375104,-3.9708427499999353
0.40499999999999997,0.19590434312500116,-3.973049999999935
0.405225,0.19501040687500104,-3.975257249999935
0.40545,0.19411597399375116,-3.9774644999999347
0.405675,0.19322104448125105,-3.979671749999935
0.4059,0.19232561833750117,-3.9818789999999344
0.406125,0.19142969556250106,-3.9840862499999345
0.40635,0.19053327615625118,-3.986293499999934
0.40657499999999996,0.1896363601187513,-3.988500749999934
0.4068,0.1887389474500012,-3.990707999999934
0.40702499999999997,0.1878410381500013,-3.9929152499999336
0.40725,0.1869426322187512,-3.9951224999999337
0.407475,0.18604372965625132,-3.9973297499999334
0.4077,0.18514433046250123,-3.9995369999999335
0.407925,0.18424443463750134,-4.001744249999933
0.40815,0.18334404218125122,-4.003951499999934
0.408375,0.18244315309375134,-4.006158749999933
0.40859999999999996,0.18154176737500144,-4.008365999999933
0.408825,0.18063988502500133,-4.010573249999934
0.40904999999999997,0.17973750604375144,-4.012780499999933
0.409275,0.17883463043125133,-4.014987749999934
0.4095,0.17793125818750144,-4.0171949999999335
0.409725,0.17702738931250134,-4.019402249999934
0.40995,0.17612302380625144,-4.021609499999934
0.410175,0.17521816166875134,-4.023816749999934
0.4104,0.17431280290000145,-4.026023999999934
0.41062499999999996,0.17340694750000157,-4.0282312499999335
0.41085,0.17250059546875146,-4.030438499999934
0.41107499999999997,0.17159374680625158,-4.032645749999934
0.4113,0.17068640151250147,-4.034852999999934
0.411525,0.1697785595875016,-4.037060249999934
0.41175,0.1688702210312515,-4.0392674999999345
0.411975,0.16796138584375161,-4.041474749999934
0.4122,0.1670520540250015,-4.043681999999935
0.412425,0.16614222557500163,-4.045889249999934
0.41264999999999996,0.16523190049375175,-4.048096499999934
0.412875,0.16432107878125163,-4.050303749999935
0.41309999999999997,0.16340976043750174,-4.052510999999934
0.413325,0.16249794546250163,-4.054718249999935
0.41355,0.16158563385625174,-4.0569254999999345
0.413775,0.16067282561875162,-4.059132749999935
0.414,0.15975952075000174,-4.061339999999935
0.414225,0.15884571925000163,-4.063547249999935
0.41445,0.15793142111875175,-4.065754499999935
0.414675,0.15701662635625163,-4.067961749999935
0.4149,0.15610133496250175,-4.070168999999935
0.41512499999999997,0.15518554693750186,-4.072376249999935
0.41535,0.15426926228125176,-4.074583499999935
0.41557499999999997,0.15335248099375187,-4.076790749999935
0.4158,0.15243520307500177,-4.0789979999999355
0.416025,0.15151742852500188,-4.081205249999935
0.41625,0.15059915734375176,-4.083412499999936
0.416475,0.14968038953125187,-4.085619749999935
0.4167,0.14876112508750175,-4.087826999999936
0.416925,0.14784136401250186,-4.090034249999936
0.41714999999999997,0.146921106306252,-4.092241499999935
0.417375,0.14600035196875188,-4.094448749999936
0.41759999999999997,0.14507910100000201,-4.0966559999999355
0.417825,0.1441573534000019,-4.098863249999936
0.41805,0.143235109168752,-4.101070499999936
0.418275,0.1423123683062519,-4.103277749999936
0.4185,0.141389130812502,-4.105484999999936
0.418725,0.1404653966875019,-4.107692249999936
0.41895,0.13954116593125201,-4.109899499999936
0.41917499999999996,0.13861643854375214,-4.112106749999936
0.4194,0.13769121452500202,-4.114313999999936
0.41962499999999997,0.13676549387500214,-4.116521249999936
0.41985,0.13583927659375203,-4.1187284999999365
0.420075,0.13491256268125215,-4.120935749999936
0.4203,0.13398535213750204,-4.123142999999937
0.420525,0.13305764496250216,-4.125350249999936
0.42075,0.13212944115625205,-4.127557499999937
0.420975,0.13120074071875218,-4.129764749999937
0.42119999999999996,0.1302715436500023,-4.131971999999936
0.421425,0.12934184995000217,-4.134179249999937
0.42164999999999997,0.12841165961875228,-4.1363864999999365
0.421875,0.12748097265625216,-4.138593749999937
0.4221,0.12654978906250228,-4.140800999999937
0.422325,0.12561810883750216,-4.143008249999937
0.42255,0.12468593198125227,-4.145215499999937
0.422775,0.12375325849375216,-4.147422749999937
0.423,0.12282008837500227,-4.149629999999937
0.42322499999999996,0.12188642162500239,-4.151837249999937
0.42345,0.12095225824375228,-4.154044499999937
0.42367499999999997,0.1200175982312524,-4.156251749999937
0.4239,0.11908244158750228,-4.1584589999999375
0.424125,0.1181467883125024,-4.160666249999937
0.42435,0.11721063840625229,-4.162873499999938
0.424575,0.11627399186875241,-4.165080749999937
0.4248,0.1153368487000023,-4.167287999999938
0.425025,0.11439920890000242,-4.169495249999938
0.42524999999999996,0.11346107246875253,-4.171702499999937
0.425475,0.11252243940625242,-4.173909749999938
0.42569999999999997,0.11158330971250253,-4.1761169999999375
0.425925,0.11064368338750243,-4.178324249999938
0.42615,0.10970356043125254,-4.180531499999938
0.426375,0.10876294084375243,-4.182738749999938
0.4266,0.10782182462500255,-4.184945999999938
0.426825,0.10688021177500243,-4.187153249999938
0.42705,0.10593810229375254,-4.189360499999938
0.427275,0.10499549618125242,-4.191567749999939
0.4275,0.10405239343750254,-4.193774999999938
0.42772499999999997,0.10310879406250266,-4.195982249999938
0.42795,0.10216469805625254,-4.1981894999999385
0.428175,0.10122010541875266,-4.200396749999938
0.4284,0.10027501615000255,-4.202603999999939
0.428625,0.09932943025000267,-4.204811249999938
0.42885,0.09838334771875255,-4.207018499999939
0.429075,0.09743676855625268,-4.209225749999939
0.4293,0.09648969276250256,-4.211432999999939
0.429525,0.09554212033750269,-4.213640249999939
0.42974999999999997,0.09459405128125281,-4.2158474999999385
0.429975,0.0936454855937527,-4.218054749999939
0.43019999999999997,0.09269642327500281,-4.220261999999939
0.430425,0.0917468643250027,-4.222469249999939
0.43065,0.09079680874375282,-4.224676499999939
0.430875,0.0898462565312527,-4.226883749999939
0.4311,0.08889520768750281,-4.229090999999939
0.431325,0.08794366221250269,-4.23129824999994
0.43155,0.0869916201062528,-4.233505499999939
0.43177499999999996,0.08603908136875292,-4.235712749999939
0.432,0.0850860460000028,-4.2379199999999395
0.43222499999999997,0.08413251400000292,-4.240127249999939
0.43245,0.0831784853687528,-4.24233449999994
0.432675,0.08222396010625292,-4.244541749999939
0.4329,0.0812689382125028,-4.24674899999994
0.433125,0.08031341968750293,-4.24895624999994
0.43335,0.07935740453125281,-4.25116349999994
0.433575,0.07840089274375293,-4.25337074999994
0.43379999999999996,0.07744388432500306,-4.2555779999999395
0.434025,0.07648637927500294,-4.25778524999994
0.43424999999999997,0.07552837759375307,-4.25999249999994
0.434475,0.07456987928125296,-4.26219974999994
0.4347,0.07361088433750308,-4.26440699999994
0.434925,0.07265139276250296,-4.26661424999994
0.43515,0.07169140455625307,-4.26882149999994
0.435375,0.07073091971875295,-4.271028749999941
0.4356,0.06976993825000306,-4.27323599999994
0.43582499999999996,0.06880846015000318,-4.27544324999994
0.43605,0.06784648541875306,-4.2776504999999405
0.43627499999999997,0.06688401405625317,-4.27985774999994
0.4365,0.06592104606250306,-4.282064999999941
0.436725,0.06495758143750317,-4.28427224999994
0.43695,0.06399362018125306,-4.286479499999941
0.437175,0.06302916229375317,-4.288686749999941
0.4374,0.06206420777500306,-4.290893999999941
0.437625,0.06109875662500318,-4.293101249999941
0.43784999999999996,0.0601328088437533,-4.2953084999999405
0.438075,0.05916636443125318,-4.297515749999941
0.43829999999999997,0.0581994233875033,-4.299722999999941
0.438525,0.05723198571250318,-4.301930249999941
0.43875,0.0562640514062533,-4.304137499999941
0.438975,0.05529562046875318,-4.306344749999941
0.4392,0.0543266929000033,-4.308551999999941
0.439425,0.05335726870000318,-4.310759249999942
0.43965,0.0523873478687533,-4.312966499999941
0.43987499999999996,0.05141693040625342,-4.315173749999941
0.4401,0.0504460163125033,-4.3173809999999415
0.44032499999999997,0.04947460558750342,-4.319588249999941
0.44055,0.0485026982312533,-4.321795499999942
0.440775,0.04753029424375342,-4.324002749999941
0.441,0.0465573936250033,-4.326209999999942
0.441225,0.04558399637500342,-4.328417249999942
0.44145,0.0446101024937533,-4.330624499999942
0.441675,0.04363571198125342,-4.332831749999942
0.4419,0.0426608248375033,-4.335038999999942
0.442125,0.04168544106250342,-4.337246249999942
0.44234999999999997,0.04070956065625354,-4.339453499999942
0.442575,0.03973318361875342,-4.341660749999942
0.44279999999999997,0.038756309950003544,-4.343867999999942
0.443025,0.037778939650003424,-4.346075249999942
0.44325,0.03680107271875355,-4.348282499999942
0.443475,0.03582270915625343,-4.350489749999943
0.4437,0.034843848962503546,-4.352696999999942
0.443925,0.03386449213750343,-4.354904249999943
0.44415,0.03288463868125355,-4.3571114999999425
0.44437499999999996,0.03190428859375367,-4.359318749999942
0.4446,0.030923441875003545,-4.361525999999943
0.44482499999999997,0.029942098525003666,-4.363733249999942
0.44505,0.028960258543753545,-4.365940499999943
0.445275,0.027977921931253667,-4.368147749999943
0.4455,0.026995088687503548,-4.370354999999943
0.445725,0.026011758812503668,-4.372562249999943
0.44595,0.025027932306253546,-4.374769499999943
0.446175,0.024043609168753668,-4.376976749999943
0.44639999999999996,0.02305878940000379,-4.379183999999943
0.446625,0.022073473000003667,-4.381391249999943
0.44684999999999997,0.021087659968753787,-4.383598499999943
0.447075,0.020101350306253665,-4.385805749999943
0.4473,0.019114544012503787,-4.388012999999943
0.447525,0.018127241087503666,-4.390220249999944
0.44775,0.01713944153125379,-4.392427499999943
0.447975,0.016151145343753667,-4.394634749999944
0.4482,0.015162352525003787,-4.3968419999999435
0.44842499999999996,0.014173063075003909,-4.399049249999943
0.44865,0.013183276993753787,-4.401256499999944
0.44887499999999997,0.012192994281253908,-4.403463749999943
0.4491,0.011202214937503785,-4.405670999999944
0.449325,0.010210938962503907,-4.407878249999944
0.44955,0.009219166356253784,-4.410085499999944
0.449775,0.008226897118753906,-4.412292749999944
0.45,0.007234131250003784,-4.414499999999944
