time,output_outputs
0.0,282.842712474619
2.97719542172662e-05,282.34567278823783
2.97719542172662e-05,282.34567278823783
0.0001360030083797154,280.5722243128994
0.0001360030083797154,280.5722243128994
0.0014934427455078232,258.6485270998687
0.0014934427455078232,258.6485270998687
0.0018860434869489245,252.0978589087821
0.0018860434869489245,252.0978589087821
0.005233536033615355,273.3661036536058
0.005233536033615355,273.3661036536058
0.00594929922920911,276.7375380570296
0.00594929922920911,276.7375380570296
0.00850804711050494,265.8319990924479
0.00850804711050494,265.8319990924479
0.00880100366457234,262.29720174381254
0.00880100366457234,262.29720174381254
0.01,250.3577484338295
0.011833914868666789,264.86917686716674
0.011833914868666789,264.86917686716674
0.012514070094980581,265.3197000128868
0.012514070094980581,265.3197000128868
0.015204065843004783,269.6031266037983
0.015204065843004783,269.6031266037983
0.015668131242422088,266.5103059574595
0.015668131242422088,266.5103059574595
0.018496115036220857,264.2924019879259
0.018496115036220857,264.2924019879259
0.019075786733797367,262.1949293542189
0.019075786733797367,262.1949293542189
0.02,257.46259808542885
0.021865099810767733,268.8811718126699
0.021865099810767733,268.8811718126699
0.022410175677482262,266.74376674375446
0.022410175677482262,266.74376674375446
0.025173958094499384,265.734527979113
0.025173958094499384,265.734527979113
0.02570551654179863,263.0366107553517
0.02570551654179863,263.0366107553517
0.02852090005087835,267.48609116026535
0.02852090005087835,267.48609116026535
0.02908565547076858,265.53006018895934
0.02908565547076858,265.53006018895934
0.03,259.71700829483416
0.03184865467058472,266.7686914381243
0.03184865467058472,266.7686914381243
0.03237823258265219,264.15368586744216
0.03237823258265219,264.15368586744216
0.03518239670137749,266.8212557756865
0.03518239670137749,266.8212557756865
0.035741418064484456,264.68034138218815
0.035741418064484456,264.68034138218815
0.038517908281289155,267.1014439426014
0.038517908281289155,267.1014439426014
0.039058223665196144,264.6869852229825
0.039058223665196144,264.6869852229825
0.04,258.4394456933541
0.041848432422941347,266.74009230708447
0.041848432422941347,266.74009230708447
0.042397539079347075,264.4181371239265
0.042397539079347075,264.4181371239265
0.045184224161174305,267.05634776363763
0.045184224161174305,267.05634776363763
0.045730794452998734,264.73548340670754
0.045730794452998734,264.73548340670754
0.0485158038040027,266.8307511595743
0.0485158038040027,266.8307511595743
0.04906161457699326,264.471152240929
0.04906161457699326,264.471152240929
0.05,258.40317000621934
0.05184995979992431,266.9365547908051
0.05184995979992431,266.9365547908051
0.052398737854857894,264.6331024629193
0.052398737854857894,264.6331024629193
0.05518326467165616,266.9329283346723
0.05518326467165616,266.9329283346723
0.05572851638165356,264.57644388298445
0.05572851638165356,264.57644388298445
0.05851627024902373,266.89076329945226
0.05851627024902373,266.89076329945226
0.059063928718699546,264.5678851029818
0.059063928718699546,264.5678851029818
0.060000000000000005,258.52461882258376
0.06184983263588171,266.9201894808161
0.06184983263588171,266.9201894808161
0.06239694487142023,264.5879065308593
0.06239694487142023,264.5879065308593
0.06518319278426561,266.92368063604107
0.06518319278426561,266.92368063604107
0.06572969529972575,264.58610734855665
0.06572969529972575,264.58610734855665
0.06851642601883103,266.910802972778
0.06851642601883103,266.910802972778
0.06906331649372041,264.5779083087823
0.06906331649372041,264.5779083087823
0.06999999999999999,258.51344268429034
0.0718496736119013,266.8997358074897
0.0718496736119013,266.8997358074897
0.07239713163433821,264.56995821549873
0.07239713163433821,264.56995821549873
0.07518331895274262,266.9399113450853
0.07518331895274262,266.9399113450853
0.07572976327497222,264.60331417000117
0.07572976327497222,264.60331417000117
0.0785163438142482,266.9002274452641
0.0785163438142482,266.9002274452641
0.07906314757669201,264.564692135916
0.07906314757669201,264.564692135916
0.07999999999999999,258.50093591688136
0.08184971589300159,266.9051755460634
0.08184971589300159,266.9051755460634
0.08239731463217309,264.57829953940563
0.08239731463217309,264.57829953940563
0.08518330577109304,266.9382156222739
0.08518330577109304,266.9382156222739
0.08572961323316942,264.5992230566514
0.08572961323316942,264.5992230566514
0.0885163396092104,266.8996864807811
0.0885163396092104,266.8996864807811
0.08906324854249816,264.56577834028354
0.08906324854249816,264.56577834028354
0.09,258.5043720994554
0.09184972707795393,266.90661330402884
0.09184972707795393,266.90661330402884
0.09239726365574188,264.5789056155495
0.09239726365574188,264.5789056155495
0.09518329338918602,266.93662279005144
0.09518329338918602,266.93662279005144
0.09572963151453585,264.59793465532016
0.09572963151453585,264.59793465532016
0.09851634990927276,266.90101158008537
0.09851634990927276,266.90101158008537
0.09906325057831214,264.56712672416774
0.09906325057831214,264.56712672416774
0.09999999999999999,258.5052272212876
0.10184972019766508,266.9057284393418
0.10184972019766508,266.9057284393418
0.10239725130005022,264.5778288736076
0.10239725130005022,264.5778288736076
0.10518329709240745,266.9370991802991
0.10518329709240745,266.9370991802991
0.1057296457697204,264.5986363439834
0.1057296457697204,264.5986363439834
0.1085163485936378,266.9008423226417
0.1085163485936378,266.9008423226417
0.10906323847597492,264.5667640389685
0.10906323847597492,264.5667640389685
0.10999999999999999,258.5046774095569
0.11184972009862157,266.9057159356715
0.11184972009862157,266.9057159356715
0.11239725941038071,264.57794696659494
0.11239725941038071,264.57794696659494
0.11518329788687079,266.9372013824111
0.11518329788687079,266.9372013824111
0.11572964113915947,264.5986635471653
0.11572964113915947,264.5986635471653
0.11851634762334201,266.9007174953764
0.11851634762334201,266.9007174953764
0.11906324036016909,264.5666704037616
0.11906324036016909,264.5666704037616
0.12,258.5046740670638
0.1218497209214081,266.90582126809784
0.1218497209214081,266.90582126809784
0.12239725943087533,264.57805180018687
0.12239725943087533,264.57805180018687
0.1251832973162063,266.9371279672676
0.1251832973162063,266.9371279672676
0.12572964028777847,264.5985769927979
0.12572964028777847,264.5985769927979
0.12851634794648004,266.9007590660647
0.12851634794648004,266.9007590660647
0.12906324144119213,264.5667290630566
0.12906324144119213,264.5667290630566
0.13,258.50473873815434
0.13184972078927046,266.9058042926761
0.13184972078927046,266.9058042926761
0.13239725848200962,264.57801969007096
0.13239725848200962,264.57801969007096
0.13518329732344703,266.937128901829
0.13518329732344703,266.937128901829
0.13572964097662538,264.59858897082336
0.13572964097662538,264.59858897082336
0.13851634800305254,266.90076634387736
0.13851634800305254,266.90076634387736
0.13906324103247442,264.5667297158397
0.13906324103247442,264.5667297158397
0.14,258.50472781410167
0.14184972071124527,266.90579497447874
0.14184972071124527,266.90579497447874
0.1423972586457813,264.57801308555156
0.1423972586457813,264.57801308555156
0.14518329738876093,266.93713730039065
0.14518329738876093,266.93713730039065
0.14572964095512078,264.59859696427213
0.14572964095512078,264.59859696427213
0.14851634795543706,266.9007602201684
0.14851634795543706,266.9007602201684
0.14906324097808563,264.56672275416344
0.14906324097808563,264.56672275416344
0.15000000000000002,258.50472218037066
0.15184972074530376,266.9057985951711
0.15184972074530376,266.9057985951711
0.1523972587277302,264.5780179905569
0.1523972587277302,264.5780179905569
0.155183297376418,266.93713571742865
0.155183297376418,266.93713571742865
0.1557296408789304,264.59859417084795
0.1557296408789304,264.59859417084795
0.15851634795725103,266.9007604502953
0.15851634795725103,266.9007604502953
0.15906324103503508,264.5667239059395
0.15906324103503508,264.5667239059395
0.16,258.5047244426501
0.16184972074285092,266.9057990367657
0.16184972074285092,266.9057990367657
0.1623972586942335,264.5780178956123
0.1623972586942335,264.5780178956123
0.16518329737092677,266.9371350193212
0.16518329737092677,266.9371350193212
0.1657296408947547,264.59859373115927
0.1657296408947547,264.59859373115927
0.16851634796242163,266.9007611158405
0.16851634796242163,266.9007611158405
0.1690632410312426,264.5667245122506
0.1690632410312426,264.5667245122506
0.17,258.50472470485334
0.17184972073913798,266.90579854905957
0.17184972073913798,266.90579854905957
0.17239725869040753,264.5780173500943
0.17239725869040753,264.5780173500943
0.1751832973733152,266.9371353165998
0.1751832973733152,266.9371353165998
0.17572964090067925,264.59859412211205
0.17572964090067925,264.59859412211205
0.17851634796136168,266.900760981028
0.17851634796136168,266.900760981028
0.1790632410254252,264.56672427835457
0.1790632410254252,264.56672427835457
0.18000000000000002,258.50472439736035
0.18184972073918806,266.90579857230944
0.18184972073918806,266.90579857230944
0.18239725869501522,264.57801744736884
0.18239725869501522,264.57801744736884
0.18518329737360842,266.9371353513947
0.18518329737360842,266.9371353513947
0.18572964089781077,264.59859411105487
0.18572964089781077,264.59859411105487
0.1885163479609183,266.9007609230959
0.1885163479609183,266.9007609230959
0.18906324102696448,264.5667242451024
0.18906324102696448,264.5667242451024
0.19,258.5047244214021
0.19184972073958176,266.9057986284847
0.19184972073958176,266.9057986284847
0.19239725869467028,264.5780174976466
0.19239725869467028,264.5780174976466
0.19518329737323678,266.9371353073089
0.19518329737323678,266.9371353073089
0.19572964089757805,264.598594063097
0.19572964089757805,264.598594063097
0.19851634796110676,266.9007609506931
0.19851634796110676,266.9007609506931
0.19906324102770898,264.56672428449536
0.19906324102770898,264.56672428449536
0.2,258.50472446543415
0.20184972073955726,266.90579861656164
0.20184972073955726,266.90579861656164
0.20239725869405742,264.5780174759351
0.20239725869405742,264.5780174759351
0.20518329737323518,266.9371353098268
0.20518329737323518,266.9371353098268
0.20572964089800247,264.5985940724806
0.20572964089800247,264.5985940724806
0.20851634796116406,266.9007609549854
0.20851634796116406,266.9007609549854
0.20906324102713975,264.56672427964077
0.20906324102713975,264.56672427964077
0.21000000000000002,258.5047244468584
0.21184972073946778,266.90579861315496
0.21184972073946778,266.90579861315496
0.21239725869415604,264.57801747406705
0.21239725869415604,264.57801747406705
0.21518329737328856,266.93713531460304
0.21518329737328856,266.93713531460304
0.215729640897994,264.59859407749576
0.215729640897994,264.59859407749576
0.21851634796113195,266.90076095175044
0.21851634796113195,266.90076095175044
0.21906324102711863,264.5667242764541
0.21906324102711863,264.5667242764541
0.22,258.5047244444186
0.22184972073943357,266.9057986102869
0.22184972073943357,266.9057986102869
0.2223972586943459,264.57801747434587
0.2223972586943459,264.57801747434587
0.2251832973733038,266.9371353193242
0.2251832973733038,266.9371353193242
0.22572964089793016,264.5985940800846
0.22572964089793016,264.5985940800846
0.22851634796111167,266.9007609500572
0.22851634796111167,266.9007609500572
0.22906324102704528,264.56672427323963
0.22906324102704528,264.56672427323963
0.23,258.50472444042686
0.23184972073949084,266.90579861599315
0.23184972073949084,266.90579861599315
0.23239725869424346,264.57801747831513
0.23239725869424346,264.57801747831513
0.235183297373283,266.9371353134911
0.235183297373283,266.9371353134911
0.23572964089789697,264.5985940747556
0.23572964089789697,264.5985940747556
0.23851634796116541,266.90076095561363
0.23851634796116541,266.90076095561363
0.2390632410273086,264.5667242829145
0.2390632410273086,264.5667242829145
0.24000000000000002,258.5047244518927
0.24184972073949731,266.9057986049379
0.24184972073949731,266.9057986049379
0.24239725869434253,264.5780174688571
0.24239725869434253,264.5780174688571
0.24518329737336825,266.93713532077663
0.24518329737336825,266.93713532077663
0.2457296408979601,264.5985940822073
0.2457296408979601,264.5985940822073
0.24851634796109992,266.9007609463991
0.24851634796109992,266.9007609463991
0.24906324102718175,264.5667242717931
0.24906324102718175,264.5667242717931
0.25,258.5047244420775
0.2518497207395224,266.9057986162605
0.2518497207395224,266.9057986162605
0.252397258694295,264.5780174793519
0.252397258694295,264.5780174793519
0.25518329737328016,266.9371353131236
0.25518329737328016,266.9371353131236
0.255729640897976,264.5985940749884
0.255729640897976,264.5985940749884
0.2585163479611468,266.90076095413025
0.2585163479611468,266.90076095413025
0.2590632410273269,264.56672428130815
0.2590632410273269,264.56672428130815
0.26,258.5047244514663
0.2618497207394369,266.90579860573416
0.2618497207394369,266.90579860573416
0.2623972586943627,264.57801747005385
0.2623972586943627,264.57801747005385
0.26518329737332996,266.9371353228989
0.26518329737332996,266.9371353228989
0.2657296408980735,264.5985940860176
0.2657296408980735,264.5985940860176
0.2685163479610755,266.90076094407755
0.2685163479610755,266.90076094407755
0.26906324102708695,264.5667242679648
0.26906324102708695,264.5667242679648
0.27,258.5047244371433
0.27184972073953,266.9057986169871
0.27184972073953,266.9057986169871
0.2723972586943655,264.57801748122955
0.2723972586943655,264.57801748122955
0.27518329737328967,266.9371353142922
0.27518329737328967,266.9371353142922
0.27572964089789564,264.59859407510237
0.27572964089789564,264.59859407510237
0.27851634796111674,266.9007609491478
0.27851634796111674,266.9007609491478
0.279063241027576,264.5667242808661
0.279063241027576,264.5667242808661
0.28,258.50472445978545
0.281849720739597,266.90579862134683
0.281849720739597,266.90579862134683
0.2823972586939822,264.5780174794206
0.2823972586939822,264.5780174794206
0.2851832973732196,266.937135307929
0.2851832973732196,266.937135307929
0.2857296408981338,264.5985940722785
0.2857296408981338,264.5985940722785
0.2885163479611722,266.90076095653995
0.2885163479611722,266.90076095653995
0.28906324102753655,264.56672428756673
0.28906324102753655,264.56672428756673
0.29000000000000004,258.504724461007
0.2918497207396326,266.90579861160836
0.2918497207396326,266.90579861160836
0.29239725869404914,264.57801747067606
0.29239725869404914,264.57801747067606
0.29518329737327664,266.93713531270464
0.29518329737327664,266.93713531270464
0.2957296408985474,264.5985940841556
0.2957296408985474,264.5985940841556
0.2985163479612264,266.90076096176347
0.2985163479612264,266.90076096176347
0.2990632410266328,264.5667242781199
0.2990632410266328,264.5667242781199
0.3,258.50472443053576
0.3018497207452031,266.9057985980535
0.3018497207452031,266.9057985980535
0.3023972586947133,264.5780174623938
0.3023972586947133,264.5780174623938
0.30518329737341676,266.93713533375535
0.30518329737341676,266.93713533375535
0.3057296408981115,264.5985940985842
0.3057296408981115,264.5985940985842
0.3085163479610621,266.9007609413675
0.3085163479610621,266.9007609413675
0.3090632410270127,264.5667242570068
0.3090632410270127,264.5667242570068
0.31,258.50472442336064
0.3118497207453829,266.90579861268037
0.3118497207453829,266.90579861268037
0.3123972586948553,264.5780174790754
0.3123972586948553,264.5780174790754
0.315183297373433,266.93713532560827
0.315183297373433,266.93713532560827
0.31572964089776645,264.598594084199
0.31572964089776645,264.598594084199
0.3185163479610472,266.90076094113886
0.3185163479610472,266.90076094113886
0.31906324102708156,264.5667242649671
0.31906324102708156,264.5667242649671
0.32,258.50472443642013
0.32184972073960316,266.9057986216106
0.32184972073960316,266.9057986216106
0.3223972586943234,264.5780174850603
0.3223972586943234,264.5780174850603
0.32518329737329205,266.937135311052
0.32518329737329205,266.937135311052
0.3257296408977837,264.59859406969963
0.3257296408977837,264.59859406969963
0.3285163479610881,266.90076094649913
0.3285163479610881,266.90076094649913
0.3290632410271607,264.56672427147305
0.3290632410271607,264.56672427147305
0.33,258.50472444102854
0.33184972073937663,266.9057986076286
0.33184972073937663,266.9057986076286
0.33239725869456627,264.57801747521967
0.33239725869456627,264.57801747521967
0.33518329737334185,266.93713532084075
0.33518329737334185,266.93713532084075
0.33572964089795837,264.5985940820019
0.33572964089795837,264.5985940820019
0.33851634796105645,266.90076094333654
0.33851634796105645,266.90076094333654
0.3390632410272636,264.5667242696559
0.3390632410272636,264.5667242696559
0.34,258.5047244444651
0.34184972073960757,266.905798623055
0.34184972073960757,266.905798623055
0.34239725869418874,264.5780174844366
0.34239725869418874,264.5780174844366
0.34518329737326797,266.9371353075452
0.34518329737326797,266.9371353075452
0.34572964089788,264.5985940681996
0.34572964089788,264.5985940681996
0.3485163479611655,266.9007609544517
0.3485163479611655,266.9007609544517
0.3490632410273485,264.5667242823568
0.3490632410273485,264.5667242823568
0.35000000000000003,258.5047244540961
0.351849720739553,266.90579860755935
0.351849720739553,266.90579860755935
0.3523972586943188,264.5780174710023
0.3523972586943188,264.5780174710023
0.35518329737332843,266.9371353197248
0.35518329737332843,266.9371353197248
0.355729640898214,264.5985940856902
0.355729640898214,264.5985940856902
0.3585163479611218,266.9007609502099
0.3585163479611218,266.9007609502099
0.35906324102698367,264.5667242723949
0.35906324102698367,264.5667242723949
0.36000000000000004,258.5047244383597
0.36184972074540594,266.9057986188998
0.36184972074540594,266.9057986188998
0.3623972586943401,264.5780174770355
0.3623972586943401,264.5780174770355
0.36518329737338057,266.9371353162015
0.36518329737338057,266.9371353162015
0.36572964089795745,264.5985940783428
0.36572964089795745,264.5985940783428
0.36851634796115434,266.90076095469067
0.36851634796115434,266.90076095469067
0.3690632410273621,264.5667242758423
0.3690632410273621,264.5667242758423
0.37,258.50472444545153
0.3718497207393993,266.90579860580175
0.3718497207393993,266.90579860580175
0.37239725869444085,264.5780174714539
0.37239725869444085,264.5780174714539
0.3751832973733506,266.9371353223332
0.3751832973733506,266.9371353223332
0.37572964089799366,264.5985940850534
0.37572964089799366,264.5985940850534
0.3785163479610937,266.90076094548857
0.3785163479610937,266.90076094548857
0.37906324102703604,264.56672426897234
0.37906324102703604,264.56672426897234
0.38,258.5047244363368
0.3818497207395952,266.90579861509866
0.3818497207395952,266.90579861509866
0.3823972586943768,264.5780174795251
0.3823972586943768,264.5780174795251
0.3851832973732402,266.93713531659404
0.3851832973732402,266.93713531659404
0.38572964089780176,264.5985940759196
0.38572964089780176,264.5985940759196
0.3885163479610957,266.90076094764146
0.3885163479610957,266.90076094764146
0.38906324102722106,264.5667242735496
0.38906324102722106,264.5667242735496
0.39,258.5047244453762
0.3918497207393528,266.9057986095209
0.3918497207393528,266.9057986095209
0.392397258694475,264.5780174756454
0.392397258694475,264.5780174756454
0.3951832973733152,266.9371353176253
0.3951832973733152,266.9371353176253
0.39572964089792645,264.5985940788772
0.39572964089792645,264.5985940788772
0.3985163479610951,266.900760947673
0.3985163479610951,266.900760947673
0.3990632410272359,264.5667242735124
0.3990632410272359,264.5667242735124
0.4,258.5047244445428
0.4018497207395264,266.9057986159928
0.4018497207395264,266.9057986159928
0.402397258694265,264.5780174785875
0.402397258694265,264.5780174785875
0.4051832973732518,266.9371353120248
0.4051832973732518,266.9371353120248
0.405729640897922,264.5985940730263
0.405729640897922,264.5985940730263
0.4085163479611035,266.9007609476432
0.4085163479611035,266.9007609476432
0.40906324102719144,264.56672427305585
0.40906324102719144,264.56672427305585
0.41000000000000003,258.5047244428643
0.41184972073935666,266.90579860529397
0.41184972073935666,266.90579860529397
0.4123972586945968,264.57801747339005
0.4123972586945968,264.57801747339005
0.4151832973733856,266.9371353250161
0.4151832973733856,266.9371353250161
0.41572964089792214,264.59859408570605
0.41572964089792214,264.59859408570605
0.4185163479610582,266.90076094248127
0.4185163479610582,266.90076094248127
0.41906324102745957,264.5667242726872
0.41906324102745957,264.5667242726872
0.42000000000000004,258.50472445162285
0.42184972073953725,266.90579861518256
0.42184972073953725,266.90579861518256
0.4223972586943998,264.57801748004283
0.4223972586943998,264.57801748004283
0.42518329737323585,266.9371353160899
0.42518329737323585,266.9371353160899
0.42572964089804155,264.59859407925137
0.42572964089804155,264.59859407925137
0.4285163479611198,266.9007609503739
0.4285163479611198,266.9007609503739
0.42906324102706594,264.56672427387883
0.42906324102706594,264.56672427387883
0.43,258.50472444141053
0.4318497207394914,266.9057986156542
0.4318497207394914,266.9057986156542
0.43239725869423384,264.57801747777046
0.43239725869423384,264.57801747777046
0.43518329737327094,266.93713531125496
0.43518329737327094,266.93713531125496
0.435729640897886,264.5985940718328
0.435729640897886,264.5985940718328
0.4385163479611239,266.90076095042883
0.4385163479611239,266.90076095042883
0.43906324102710564,264.56672427443925
0.43906324102710564,264.56672427443925
0.44,258.50472444275124
0.441849720739401,266.9057986062108
0.441849720739401,266.9057986062108
0.4423972586945287,264.5780174732977
0.4423972586945287,264.5780174732977
0.4451832973733762,266.93713532223654
0.4451832973733762,266.93713532223654
0.44572964089795525,264.598594083988
0.44572964089795525,264.598594083988
0.4485163479610856,266.90076094556434
0.4485163479610856,266.90076094556434
0.44906324102731654,264.5667242660229
0.44906324102731654,264.5667242660229
0.45,258.50472443975235
0.45184972073955526,266.9057986131017
0.45184972073955526,266.9057986131017
0.4523972586945139,264.5780174797495
0.4523972586945139,264.5780174797495
0.4551832973733224,266.9371353177755
0.4551832973733224,266.9371353177755
0.455729640897924,264.59859407840275
0.455729640897924,264.59859407840275
0.4585163479610956,266.90076094713635
0.4585163479610956,266.90076094713635
0.4590632410273897,264.5667242757455
0.4590632410273897,264.5667242757455
0.46,258.5047244527224
0.4618497207394857,266.9057986134476
0.4618497207394857,266.9057986134476
0.46239725869434894,264.57801747753086
0.46239725869434894,264.57801747753086
0.46518329737333924,266.93713531699643
0.46518329737333924,266.93713531699643
0.4657296408980054,264.5985940795189
0.4657296408980054,264.5985940795189
0.4685163479611165,266.90076095077467
0.4685163479611165,266.90076095077467
0.4690632410272532,264.5667242772913
0.4690632410272532,264.5667242772913
0.47000000000000003,258.50472444855984
0.47184972073956033,266.9057986170187
0.47184972073956033,266.9057986170187
0.47239725869414406,264.5780174775607
0.47239725869414406,264.5780174775607
0.47518329737326026,266.9371353100548
0.47518329737326026,266.9371353100548
0.4757296408982118,264.59859407561424
0.4757296408982118,264.59859407561424
0.47851634796117193,266.9007609573975
0.47851634796117193,266.9007609573975
0.4790632410269969,264.56672427960945
0.4790632410269969,264.56672427960945
0.48000000000000004,258.5047244413887
0.4818497207452811,266.9057985994737
0.4818497207452811,266.9057985994737
0.48239725869472316,264.57801746379556
0.48239725869472316,264.57801746379556
0.48518329737346166,266.93713533331123
0.48518329737346166,266.93713533331123
0.48572964089782555,264.5985940929203
0.48572964089782555,264.5985940929203
0.4885163479610115,266.90076093590073
0.4885163479610115,266.90076093590073
0.48906324102705534,264.56672426632156
0.48906324102705534,264.56672426632156
0.49,258.5047244405409
0.49184972073951255,266.9057986236294
0.49184972073951255,266.9057986236294
0.4923972586943311,264.5780174872588
0.4923972586943311,264.5780174872588
0.49518329737325717,266.93713530883673
0.49518329737325717,266.93713530883673
0.49572964089782035,264.5985940682979
0.49572964089782035,264.5985940682979
0.49851634796113375,266.90076095254875
0.49851634796113375,266.90076095254875
0.49906324102723637,264.5667242786369
0.49906324102723637,264.5667242786369
0.5,258.50472445008745
0.5018497207394446,266.9057986074034
0.5018497207394446,266.9057986074034
0.5023972586944138,264.5780174724359
0.5023972586944138,264.5780174724359
0.5051832973733543,266.93713531872373
0.5051832973733543,266.93713531872373
0.5057296408983176,264.59859408589114
0.5057296408983176,264.59859408589114
0.5085163479611325,266.9007609524204
0.5085163479611325,266.9007609524204
0.5090632410270586,264.56672426881937
0.5090632410270586,264.56672426881937
0.51,258.5047244316831
0.5118497207453225,266.905798612833
0.5118497207453225,266.905798612833
0.5123972586945064,264.57801747370553
0.5123972586945064,264.57801747370553
0.5151832973733467,266.9371353217844
0.5151832973733467,266.9371353217844
0.515729640897973,264.5985940836033
0.515729640897973,264.5985940836033
0.5185163479610676,266.90076094466286
0.5185163479610676,266.90076094466286
0.5190632410271587,264.5667242693006
0.5190632410271587,264.5667242693006
0.52,258.50472444142423
0.5218497207395298,266.9057986212448
0.5218497207395298,266.9057986212448
0.5223972586942315,264.57801748325767
0.5223972586942315,264.57801748325767
0.5251832973732655,266.93713530687165
0.5251832973732655,266.93713530687165
0.5257296408983023,264.59859407345016
0.5257296408983023,264.59859407345016
0.5285163479611652,266.9007609570478
0.5285163479611652,266.9007609570478
0.5290632410273636,264.56672427816454
0.5290632410273636,264.56672427816454
0.53,258.5047244456342
0.5318497207393653,266.90579859747913
0.5318497207393653,266.90579859747913
0.5323972586946246,264.57801746593697
0.5323972586946246,264.57801746593697
0.5351832973734205,266.9371353301509
0.5351832973734205,266.9371353301509
0.5357296408976568,264.5985940868294
0.5357296408976568,264.5985940868294
0.5385163479609989,266.9007609350391
0.5385163479609989,266.9007609350391
0.539063241027337,264.5667242634442
0.539063241027337,264.5667242634442
0.54,258.5047244442069
0.5418497207396407,266.9057986317849
0.5418497207396407,266.9057986317849
0.5423972586941407,264.5780174922078
0.5423972586941407,264.5780174922078
0.5451832973731942,266.9371352988
0.5451832973731942,266.9371352988
0.5457296408982969,264.59859406561236
0.5457296408982969,264.59859406561236
0.5485163479612213,266.90076096290437
0.5485163479612213,266.90076096290437
0.5490632410275913,264.5667242877788
0.5490632410275913,264.5667242877788
0.55,258.5047244592112
0.5518497207395983,266.9057986113057
0.5518497207395983,266.9057986113057
0.5523972586939729,264.578017469065
0.5523972586939729,264.578017469065
0.5551832973732813,266.93713531325125
0.5551832973732813,266.93713531325125
0.5557296408982594,264.59859407930276
0.5557296408982594,264.59859407930276
0.5585163479611459,266.90076095469806
0.5585163479611459,266.90076095469806
0.5590632410271553,264.56672427945495
0.5590632410271553,264.56672427945495
0.56,258.5047244485163
0.5618497207394955,266.9057986049438
0.5618497207394955,266.9057986049438
0.5623972586944542,264.5780174707355
0.5623972586944542,264.5780174707355
0.5651832973733455,266.93713532417996
0.5651832973733455,266.93713532417996
0.5657296408980078,264.5985940865659
0.5657296408980078,264.5985940865659
0.5685163479610725,266.9007609435532
0.5685163479610725,266.9007609435532
0.5690632410270307,264.5667242663698
0.5690632410270307,264.5667242663698
0.5700000000000001,258.5047244343315
0.5718497207393984,266.9057986027626
0.5718497207393984,266.9057986027626
0.5723972586948393,264.57801747466664
0.5723972586948393,264.57801747466664
0.5751832973733887,266.93713532783846
0.5751832973733887,266.93713532783846
0.5757296408979653,264.59859408950905
0.5757296408979653,264.59859408950905
0.5785163479610324,266.9007609414415
0.5785163479610324,266.9007609414415
0.5790632410269988,264.5667242637875
0.5790632410269988,264.5667242637875
0.5800000000000001,258.50472443215824
0.5818497207394886,266.9057986050421
0.5818497207394886,266.9057986050421
0.5823972586948504,264.5780174771983
0.5823972586948504,264.5780174771983
0.5851832973733835,266.9371353293169
0.5851832973733835,266.9371353293169
0.5857296408976205,264.5985940856364
0.5857296408976205,264.5985940856364
0.588516347961031,266.9007609376565
0.588516347961031,266.9007609376565
0.5890632410275227,264.5667242685985
0.5890632410275227,264.5667242685985
0.59,258.50472444963185
0.5918497207396629,266.9057986247788
0.5918497207396629,266.9057986247788
0.5923972586942207,264.5780174864452
0.5923972586942207,264.5780174864452
0.595183297373235,266.93713530695925
0.595183297373235,266.93713530695925
0.5957296408978816,264.5985940670023
0.5957296408978816,264.5985940670023
0.5985163479611518,266.900760954965
0.5985163479611518,266.900760954965
0.5990632410272052,264.56672428050933
0.5990632410272052,264.56672428050933
0.6,258.5047244504858
0.6018497207394011,266.90579860352415
0.6018497207394011,266.90579860352415
0.6023972586944673,264.5780174695985
0.6023972586944673,264.5780174695985
0.6051832973733509,266.9371353251048
0.6051832973733509,266.9371353251048
0.6057296408979473,264.59859408693325
0.6057296408979473,264.59859408693325
0.6085163479610546,266.90076094238873
0.6085163479610546,266.90076094238873
0.6090632410273277,264.56672426302447
0.6090632410273277,264.56672426302447
0.61,258.50472443840107
0.6118497207394731,266.9057986115967
0.6118497207394731,266.9057986115967
0.6123972586946579,264.5780174804509
0.6123972586946579,264.5780174804509
0.6151832973733244,266.93713531832634
0.6151832973733244,266.93713531832634
0.6157296408979155,264.5985940788258
0.6157296408979155,264.5985940788258
0.618516347961117,266.90076094733513
0.618516347961117,266.90076094733513
0.619063241027095,264.56672427154825
0.619063241027095,264.56672427154825
0.62,258.5047244423051
0.6218497207395065,266.9057986077485
0.6218497207395065,266.9057986077485
0.6223972586945922,264.57801747559824
0.6223972586945922,264.57801747559824
0.6251832973733344,266.9371353234114
0.6251832973733344,266.9371353234114
0.6257296408976931,264.59859407998425
0.6257296408976931,264.59859407998425
0.6285163479610122,266.9007609358316
0.6285163479610122,266.9007609358316
0.6290632410274439,264.56672426551984
0.6290632410274439,264.56672426551984
0.63,258.5047244470354
0.6318497207396575,266.90579862929735
0.6318497207396575,266.90579862929735
0.6323972586941656,264.57801749024406
0.6323972586941656,264.57801749024406
0.63518329737321,266.9371353034759
0.63518329737321,266.9371353034759
0.6357296408979975,264.59859406582456
0.6357296408979975,264.59859406582456
0.6385163479611894,266.90076095800964
0.6385163479611894,266.90076095800964
0.639063241027346,264.5667242857812
0.639063241027346,264.5667242857812
0.64,258.5047244561069
0.6418497207394033,266.9057985986796
0.6418497207394033,266.9057985986796
0.6423972586944944,264.578017464996
0.6423972586944944,264.578017464996
0.6451832973733596,266.93713532648866
0.6451832973733596,266.93713532648866
0.6457296408982215,264.59859409253806
0.6457296408982215,264.59859409253806
0.6485163479610752,266.9007609457391
0.6485163479610752,266.9007609457391
0.6490632410269144,264.5667242668571
0.6490632410269144,264.5667242668571
0.65,258.5047244319138
0.6518497207454391,266.9057986183113
0.6518497207454391,266.9057986183113
0.6523972586945002,264.57801747878926
0.6523972586945002,264.57801747878926
0.6551832973733234,266.93713531910737
0.6551832973733234,266.93713531910737
0.6557296408978086,264.598594079413
0.6557296408978086,264.598594079413
0.6585163479610795,266.9007609456728
0.6585163479610795,266.9007609456728
0.6590632410272096,264.56672427152336
0.6590632410272096,264.56672427152336
0.66,258.504724443918
0.6618497207395243,266.90579861978847
0.6618497207395243,266.90579861978847
0.662397258694212,264.57801748159574
0.662397258694212,264.57801748159574
0.6651832973732402,266.93713531082915
0.6651832973732402,266.93713531082915
0.6657296408979926,264.5985940734875
0.6657296408979926,264.5985940734875
0.6685163479611652,266.90076095539416
0.6685163479611652,266.90076095539416
0.669063241027584,264.5667242871836
0.669063241027584,264.5667242871836
0.67,258.50472446349806
0.6718497207394981,266.9057986165367
0.6718497207394981,266.9057986165367
0.6723972586939346,264.57801747393404
0.6723972586939346,264.57801747393404
0.6751832973732459,266.93713530858105
0.6751832973732459,266.93713530858105
0.6757296408983591,264.59859407804146
0.6757296408983591,264.59859407804146
0.6785163479612185,266.9007609620451
0.6785163479612185,266.9007609620451
0.6790632410269323,264.5667242831224
0.6790632410269323,264.5667242831224
0.68,258.5047244430156
0.6818497207451989,266.9057985946112
0.6818497207451989,266.9057985946112
0.6823972586947729,264.5780174597306
0.6823972586947729,264.5780174597306
0.6851832973734349,266.9371353360562
0.6851832973734349,266.9371353360562
0.6857296408981417,264.5985941007555
0.6857296408981417,264.5985941007555
0.6885163479610285,266.9007609381987
0.6885163479610285,266.9007609381987
0.6890632410269595,264.56672425309716
0.6890632410269595,264.56672425309716
0.6900000000000001,258.5047244196636
0.691849720745395,266.90579862192084
0.691849720745395,266.90579862192084
0.6923972586946825,264.5780174853901
0.6923972586946825,264.5780174853901
0.6951832973733165,266.93713531809925
0.6951832973733165,266.93713531809925
0.6957296408976823,264.5985940751198
0.6957296408976823,264.5985940751198
0.6985163479611018,266.9007609456386
0.6985163479611018,266.9007609456386
0.699063241027243,264.56672427243245
0.699063241027243,264.56672427243245
0.7000000000000001,258.5047244455132
0.7018497207395933,266.90579862067756
0.7018497207395933,266.90579862067756
0.7023972586941745,264.5780174818609
0.7023972586941745,264.5780174818609
0.705183297373231,266.9371353108013
0.705183297373231,266.9371353108013
0.7057296408978101,264.5985940699944
0.7057296408978101,264.5985940699944
0.7085163479610852,266.90076094604666
0.7085163479610852,266.90076094604666
0.7090632410272968,264.56672427329636
0.7090632410272968,264.56672427329636
0.7100000000000001,258.50472444744264
0.7118497207395983,266.90579862075026
0.7118497207395983,266.90579862075026
0.7123972586941619,264.57801748150507
0.7123972586941619,264.57801748150507
0.7151832973732499,266.93713530910156
0.7151832973732499,266.93713530910156
0.7157296408977835,264.5985940679675
0.7157296408977835,264.5985940679675
0.7185163479611248,266.90076095117814
0.7185163479611248,266.90076095117814
0.719063241027383,264.56672428021045
0.719063241027383,264.56672428021045
0.72,258.5047244538139
0.7218497207396511,266.9057986178887
0.7218497207396511,266.9057986178887
0.7223972586940727,264.57801747716013
0.7223972586940727,264.57801747716013
0.7251832973732731,266.9371353085104
0.7251832973732731,266.9371353085104
0.7257296408980056,264.59859407159644
0.7257296408980056,264.59859407159644
0.7285163479611515,266.9007609548801
0.7285163479611515,266.9007609548801
0.7290632410276261,264.5667242803826
0.7290632410276261,264.5667242803826
0.73,258.50472445562275
0.7318497207395599,266.9057986165248
0.7318497207395599,266.9057986165248
0.732397258694042,264.5780174754011
0.732397258694042,264.5780174754011
0.7351832973732525,266.9371353093826
0.7351832973732525,266.9371353093826
0.7357296408981768,264.59859407481036
0.7357296408981768,264.59859407481036
0.7385163479611762,266.9007609569436
0.7385163479611762,266.9007609569436
0.7390632410271072,264.5667242810664
0.7390632410271072,264.5667242810664
0.74,258.504724446597
0.7418497207451417,266.9057985825682
0.7418497207451417,266.9057985825682
0.7423972586952686,264.5780174556788
0.7423972586952686,264.5780174556788
0.7451832973736022,266.9371353514135
0.7451832973736022,266.9371353514135
0.7457296408981147,264.598594115536
0.7457296408981147,264.598594115536
0.7485163479609399,266.9007609276206
0.7485163479609399,266.9007609276206
0.7490632410267644,264.5667242394693
0.7490632410267644,264.5667242394693
0.75,258.50472440913745
0.751849720745644,266.90579863467724
0.751849720745644,266.90579863467724
0.7523972586946688,264.57801749787143
0.7523972586946688,264.57801749787143
0.755183297373256,266.9371353093206
0.755183297373256,266.9371353093206
0.7557296408973654,264.59859406173285
0.7557296408973654,264.59859406173285
0.7585163479611021,266.9007609467628
0.7585163479611021,266.9007609467628
0.759063241027983,264.5667242846277
0.759063241027983,264.5667242846277
0.76,258.5047244727856
0.7618497207392556,266.9057985931492
0.7618497207392556,266.9057985931492
0.7623972586948757,264.5780174657249
0.7623972586948757,264.5780174657249
0.7651832973735413,266.9371353369863
0.7651832973735413,266.9371353369863
0.7657296408978429,264.5985940981452
0.7657296408978429,264.5985940981452
0.768516347960979,266.90076093247444
0.768516347960979,266.90076093247444
0.7690632410272698,264.56672425898836
0.7690632410272698,264.56672425898836
0.77,258.5047244378125
0.7718497207394206,266.905798596239
0.7718497207394206,266.905798596239
0.7723972586953576,264.5780174764168
0.7723972586953576,264.5780174764168
0.7751832973734768,266.9371353388589
0.7751832973734768,266.9371353388589
0.7757296408977546,264.5985940969804
0.7757296408977546,264.5985940969804
0.7785163479609404,266.90076092678436
0.7785163479609404,266.90076092678436
0.7790632410271973,264.5667242525681
0.7790632410271973,264.5667242525681
0.78,258.50472443098283
0.781849720739636,266.90579862945697
0.781849720739636,266.90579862945697
0.7823972586944774,264.5780174952368
0.7823972586944774,264.5780174952368
0.7851832973731866,266.9371353040948
0.7851832973731866,266.9371353040948
0.785729640898099,264.59859406819726
0.785729640898099,264.59859406819726
0.7885163479612328,266.9007609638017
0.7885163479612328,266.9007609638017
0.7890632410272067,264.5667242890626
0.7890632410272067,264.5667242890626
0.79,258.50472445376397
0.7918497207391962,266.9057985748835
0.7918497207391962,266.9057985748835
0.7923972586951051,264.5780174512276
0.7923972586951051,264.5780174512276
0.7951832973735772,266.9371353511883
0.7951832973735772,266.9371353511883
0.7957296408978635,264.59859411197226
0.7957296408978635,264.59859411197226
0.7985163479609148,266.90076092282106
0.7985163479609148,266.90076092282106
0.799063241026966,264.5667242449045
0.799063241026966,264.5667242449045
0.8,258.5047244214841
0.8018497207396356,266.90579863342185
0.8018497207396356,266.90579863342185
0.8023972586945224,264.5780175001433
0.8023972586945224,264.5780175001433
0.8051832973731907,266.93713530496734
0.8051832973731907,266.93713530496734
0.8057296408977545,264.5985940636073
0.8057296408977545,264.5985940636073
0.8085163479611672,266.9007609563477
0.8085163479611672,266.9007609563477
0.8090632410277138,264.5667242832488
0.8090632410277138,264.5667242832488
0.81,258.50472445821975
0.8118497207394928,266.90579861220317
0.8118497207394928,266.90579861220317
0.8123972586940859,264.57801747203456
0.8123972586940859,264.57801747203456
0.8151832973732842,266.9371353135249
0.8151832973732842,266.9371353135249
0.8157296408981498,264.59859407782125
0.8157296408981498,264.59859407782125
0.8185163479611384,266.90076095298286
0.8185163479611384,266.90076095298286
0.8190632410271548,264.5667242779124
0.8190632410271548,264.5667242779124
0.8200000000000001,258.50472444774044
0.821849720739615,266.90579861851757
0.821849720739615,266.90579861851757
0.8223972586940729,264.5780174778138
0.8223972586940729,264.5780174778138
0.825183297373223,266.93713530910213
0.825183297373223,266.93713530910213
0.8257296408978982,264.5985940698467
0.8257296408978982,264.5985940698467
0.828516347961129,266.90076095262646
0.828516347961129,266.90076095262646
0.8290632410274079,264.56672428161687
0.8290632410274079,264.56672428161687
0.8300000000000001,258.50472445540345
0.8318497207397093,266.90579861753235
0.8318497207397093,266.90579861753235
0.8323972586940512,264.57801747637114
0.8323972586940512,264.57801747637114
0.8351832973732168,266.93713530498445
0.8351832973732168,266.93713530498445
0.8357296408985389,264.59859407624583
0.8357296408985389,264.59859407624583
0.8385163479612328,266.90076096433825
0.8385163479612328,266.90076096433825
0.8390632410268614,264.566724284451
0.8390632410268614,264.566724284451
0.8400000000000001,258.5047244422057
0.8418497207453381,266.90579860905933
0.8418497207453381,266.90579860905933
0.8423972586942601,264.5780174659824
0.8423972586942601,264.5780174659824
0.8451832973733704,266.93713532111303
0.8451832973733704,266.93713532111303
0.8457296408980584,264.59859408471823
0.8457296408980584,264.59859408471823
0.848516347961125,266.90076095025364
0.848516347961125,266.90076095025364
0.8490632410272475,264.5667242690758
0.8490632410272475,264.5667242690758
0.85,258.5047244382161
0.8518497207451756,266.90579858746366
0.8518497207451756,266.90579858746366
0.8523972586953755,264.5780174624861
0.8523972586953755,264.5780174624861
0.8551832973735811,266.9371353504324
0.8551832973735811,266.9371353504324
0.855729640897434,264.59859410347735
0.855729640897434,264.59859410347735
0.8585163479608716,266.9007609169777
0.8585163479608716,266.9007609169777
0.8590632410275335,264.5667242478177
0.8590632410275335,264.5667242478177
0.86,258.5047244389756
0.8618497207397685,266.9057986427473
0.8618497207397685,266.9057986427473
0.862397258694308,264.57801750569774
0.862397258694308,264.57801750569774
0.8651832973731188,266.9371352949379
0.8651832973731188,266.9371352949379
0.8657296408979477,264.59859405605334
0.8657296408979477,264.59859405605334
0.868516347961192,266.90076096057066
0.868516347961192,266.90076096057066
0.8690632410272062,264.56672428626763
0.8690632410272062,264.56672428626763
0.87,258.50472445267457
0.8718497207394407,266.9057986099042
0.8718497207394407,266.9057986099042
0.872397258694067,264.5780174695104
0.872397258694067,264.5780174695104
0.8751832973732974,266.9371353156266
0.8751832973732974,266.9371353156266
0.8757296408982156,264.59859408164317
0.8757296408982156,264.59859408164317
0.8785163479611559,266.90076095361536
0.8785163479611559,266.90076095361536
0.8790632410267117,264.5667242714064
0.8790632410267117,264.5667242714064
0.88,258.5047244298654
0.881849720744998,266.90579858088734
0.881849720744998,266.90579858088734
0.882397258695504,264.5780174578999
0.882397258695504,264.5780174578999
0.8851832973735618,266.9371353523006
0.8851832973735618,266.9371353523006
0.8857296408981298,264.59859411646113
0.8857296408981298,264.59859411646113
0.888516347960966,266.9007609292471
0.888516347960966,266.9007609292471
0.8890632410267141,264.566724247238
0.8890632410267141,264.566724247238
0.89,258.5047244159158
0.8918497207455695,266.90579863033355
0.8918497207455695,266.90579863033355
0.8923972586946657,264.5780174935486
0.8923972586946657,264.5780174935486
0.8951832973732765,266.9371353127352
0.8951832973732765,266.9371353127352
0.8957296408975909,264.59859406848454
0.8957296408975909,264.59859406848454
0.8985163479610888,266.90076094701715
0.8985163479610888,266.90076094701715
0.899063241027348,264.56672427508204
0.899063241027348,264.56672427508204
0.9,258.50472444851215
0.9018497207395373,266.9057986170008
0.9018497207395373,266.9057986170008
0.9023972586942107,264.57801747880836
0.9023972586942107,264.57801747880836
0.9051832973732896,266.9371353108313
0.9051832973732896,266.9371353108313
0.9057296408981372,264.59859407570957
0.9057296408981372,264.59859407570957
0.9085163479612033,266.9007609605201
0.9085163479612033,266.9007609605201
0.9090632410270667,264.5667242839429
0.9090632410270667,264.5667242839429
0.91,258.50472444603906
0.9118497207453791,266.9057986096421
0.9118497207453791,266.9057986096421
0.9123972586943017,264.57801746693485
0.9123972586943017,264.57801746693485
0.9151832973733496,266.9371353224297
0.9151832973733496,266.9371353224297
0.9157296408978933,264.598594083221
0.9157296408978933,264.598594083221
0.9185163479610713,266.9007609447484
0.9185163479610713,266.9007609447484
0.9190632410271399,264.5667242694934
0.9190632410271399,264.5667242694934
0.92,258.50472444094623
0.9218497207395882,266.9057986201908
0.9218497207395882,266.9057986201908
0.9223972586942518,264.5780174823538
0.9223972586942518,264.5780174823538
0.925183297373237,266.93713531040913
0.925183297373237,266.93713531040913
0.9257296408979059,264.59859407125805
0.9257296408979059,264.59859407125805
0.9285163479611604,266.90076095568696
0.9285163479611604,266.90076095568696
0.929063241027262,264.56672428230974
0.929063241027262,264.56672428230974
0.93,258.5047244531895
0.9318497207395324,266.9057986177164
0.9318497207395324,266.9057986177164
0.9323972586939894,264.57801747597426
0.9323972586939894,264.57801747597426
0.9351832973732397,266.93713530792775
0.9351832973732397,266.93713530792775
0.9357296408984469,264.5985940771094
0.9357296408984469,264.5985940771094
0.9385163479611873,266.9007609586546
0.9385163479611873,266.9007609586546
0.9390632410269933,264.5667242813619
0.9390632410269933,264.5667242813619
0.9400000000000001,258.50472444390954
0.9418497207452989,266.9057986129657
0.9418497207452989,266.9057986129657
0.9423972586942682,264.57801746975707
0.9423972586942682,264.57801746975707
0.9451832973733562,266.93713531879587
0.9451832973733562,266.93713531879587
0.9457296408985102,264.5985940893738
0.9457296408985102,264.5985940893738
0.9485163479611634,266.9007609552181
0.9485163479611634,266.9007609552181
0.9490632410269716,264.56672427676375
0.9490632410269716,264.56672427676375
0.9500000000000001,258.5047244387641
0.951849720745075,266.9057985786491
0.951849720745075,266.9057985786491
0.9523972586954491,264.57801745496545
0.9523972586954491,264.57801745496545
0.9551832973736235,266.9371353571874
0.9551832973736235,266.9371353571874
0.9557296408976516,264.59859411385315
0.9557296408976516,264.59859411385315
0.9585163479608679,266.90076091749927
0.9585163479608679,266.90076091749927
0.959063241027163,264.56672424279276
0.959063241027163,264.56672424279276
0.9600000000000001,258.504724425617
0.961849720739664,266.9057986386199
0.961849720739664,266.9057986386199
0.9623972586944897,264.57801750455377
0.9623972586944897,264.57801750455377
0.9651832973731558,266.937135299706
0.9651832973731558,266.937135299706
0.9657296408976762,264.59859405735085
0.9657296408976762,264.59859405735085
0.9685163479611796,266.900760957277
0.9685163479611796,266.900760957277
0.9690632410271351,264.56672428185857
0.9690632410271351,264.56672428185857
0.97,258.50472444794235
0.9718497207395937,266.9057986115393
0.9718497207395937,266.9057986115393
0.9723972586941493,264.578017472041
0.9723972586941493,264.578017472041
0.9751832973733152,266.93713531641663
0.9751832973733152,266.93713531641663
0.9757296408978355,264.59859407603403
0.9757296408978355,264.59859407603403
0.9785163479611089,266.9007609473043
0.9785163479611089,266.9007609473043
0.9790632410271866,264.56672427275845
0.9790632410271866,264.56672427275845
0.98,258.5047244426939
0.9818497207395345,266.9057986153156
0.9818497207395345,266.9057986153156
0.9823972586942917,264.578017478431
0.9823972586942917,264.578017478431
0.98518329737333,266.9371353150042
0.98518329737333,266.9371353150042
0.9857296408980923,264.59859407858085
0.9857296408980923,264.59859407858085
0.9885163479611372,266.90076095142143
0.9885163479611372,266.90076095142143
0.9890632410273795,264.5667242795439
0.9890632410273795,264.5667242795439
0.99,258.5047244530645
0.9918497207392836,266.9057985849332
0.9918497207392836,266.9057985849332
0.9923972586951161,264.57801746157423
0.9923972586951161,264.57801746157423
0.9951832973735234,266.93713534493077
0.9951832973735234,266.93713534493077
0.9957296408979542,264.59859410655145
0.9957296408979542,264.59859410655145
0.9985163479609598,266.9007609293376
0.9985163479609598,266.9007609293376
0.999063241026932,264.56672425126294
0.999063241026932,264.56672425126294
1.0,258.5047244244564
