time,stage_id,enable,load_force_N_profile,x_ref_m_profile,x_m,pA_Pa,pB_Pa,spool_u
0.0,stage1,True,0.0,0.05,0.05,10000000.0,5000000.0,0.0
0.01,stage1,True,0.0,0.05,0.10833333333333331,9777777.777777778,5228571.428571428,0.0
0.02,stage1,True,0.0,0.05,0.10281746031746034,100000.0,21000000.0,0.0
0.03,stage1,True,0.0,0.05,-0.06965806878306877,13396861.995276017,5026321.271197882,0.0
0.04,stage1,True,0.0,0.05,0.2699613020402206,21000000.0,100000.0,0.0
0.05,stage1,True,0.0,0.05,-0.060938729477614195,100000.0,21000000.0,0.0
0.06,stage1,True,0.0,0.05,0.11688417662345185,21000000.0,100000.0,0.0
0.07,stage1,True,0.0,0.05,0.16246003600856573,100000.0,21000000.0,0.0
0.08,stage1,True,0.0,0.05,-0.15190525187787884,100000.0,21000000.0,0.0
0.09,stage1,True,0.0,0.05,0.1651274671667523,21000000.0,100000.0,0.0
0.1,stage1,True,0.0,0.05,0.025890482605357784,100000.0,21000000.0,0.0
0.11,stage1,True,0.0,0.05,-0.18083543020165735,21000000.0,100000.0,0.0
0.12,stage1,True,0.0,0.05,0.4868513880730321,21000000.0,100000.0,0.0
0.13,stage1,True,0.0,0.05,-0.4515827057547077,100000.0,21000000.0,0.0
0.14,stage1,True,0.0,0.05,0.832964040873946,21000000.0,100000.0,0.0
0.15,stage1,True,0.0,0.05,-1.1449694205541103,100000.0,21000000.0,0.0
0.16,stage1,True,0.0,0.05,2.0748463764404588,21000000.0,100000.0,0.0
0.17,stage1,True,0.0,0.05,-3.424342765372909,100000.0,21000000.0,0.0
0.18,stage1,True,0.0,0.05,6.235370366608581,21000000.0,100000.0,0.0
0.19,stage1,True,0.0,0.05,-11.027948426725224,100000.0,21000000.0,0.0
0.2,stage1,True,0.0,0.05,20.12753804615056,21000000.0,100000.0,0.0
0.21,stage1,True,0.0,0.05,-36.411223552090235,100000.0,21000000.0,0.0
0.22,stage1,True,0.0,0.05,66.50630356674107,21000000.0,100000.0,0.0
0.23,stage1,True,0.0,0.05,-121.15193105028455,100000.0,21000000.0,0.0
0.24,stage1,True,0.0,0.05,221.33971332962386,21000000.0,100000.0,0.0
0.25,stage1,True,0.0,0.05,-404.0547921713491,100000.0,21000000.0,0.0
0.26,stage1,True,0.0,0.05,738.243823906631,21000000.0,100000.0,0.0
0.27,stage1,True,0.0,0.05,-1348.5127613295767,100000.0,21000000.0,0.0
0.28,stage1,True,0.0,0.05,2463.9040298135474,21000000.0,100000.0,0.0
0.29,stage1,True,0.0,0.05,-4501.541529899623,100000.0,21000000.0,0.0
0.3,stage1,True,0.0,0.05,8224.939939718013,21000000.0,100000.0,0.0
0.31,stage1,True,0.0,0.05,-15027.780645358613,100000.0,21000000.0,0.0
0.32,stage1,True,0.0,0.05,27457.888952379948,21000000.0,100000.0,0.0
0.33,stage1,True,0.0,0.05,-50169.137749890695,100000.0,21000000.0,0.0
0.34,stage1,True,0.0,0.05,91666.18994329705,21000000.0,100000.0,0.0
0.35,stage1,True,0.0,0.05,-167486.91531541903,100000.0,21000000.0,0.0
0.36,stage1,True,0.0,0.05,306022.600570985,21000000.0,100000.0,0.0
0.37,stage1,True,0.0,0.05,-559146.830212128,100000.0,21000000.0,0.0
0.38,stage1,True,0.0,0.05,1021641.4546454231,21000000.0,100000.0,0.0
0.39,stage1,True,0.0,0.05,-1866685.1429901174,100000.0,21000000.0,0.0
0.4,stage1,True,0.0,0.05,3410701.538303411,21000000.0,100000.0,0.0
0.41,stage1,True,0.0,0.05,-6231840.66275564,100000.0,21000000.0,0.0
0.42,stage1,True,0.0,0.05,11386466.92071479,21000000.0,100000.0,0.0
0.43,stage1,True,0.0,0.05,-20804708.26099608,100000.0,21000000.0,0.0
0.44,stage1,True,0.0,0.05,38013186.72169733,21000000.0,100000.0,0.0
0.45,stage1,True,0.0,0.05,-69455545.34440182,100000.0,21000000.0,0.0
0.46,stage1,True,0.0,0.05,126905245.77392595,21000000.0,100000.0,0.0
0.47,stage1,True,0.0,0.05,-231874090.14760864,100000.0,21000000.0,0.0
0.48,stage1,True,0.0,0.05,423667228.5343095,21000000.0,100000.0,0.0
0.49,stage1,True,0.0,0.05,-774100807.6605636,100000.0,21000000.0,0.0
0.5,stage1,True,0.0,0.05,1414393232.0812855,21000000.0,100000.0,0.0
0.51,stage1,True,0.0,0.05,-2584299350.8201685,100000.0,21000000.0,0.0
0.52,stage1,True,0.0,0.05,4721885670.884298,21000000.0,100000.0,0.0
0.53,stage1,True,0.0,0.05,-8627562546.494158,100000.0,21000000.0,0.0
0.54,stage1,True,0.0,0.05,15763794527.191412,21000000.0,100000.0,0.0
0.55,stage1,True,0.0,0.05,-28802714156.351448,100000.0,21000000.0,0.0
0.56,stage1,True,0.0,0.05,52626690950.053,21000000.0,100000.0,0.0
0.57,stage1,True,0.0,0.05,-96156514462.79434,100000.0,21000000.0,0.0
0.58,stage1,True,0.0,0.05,175691747034.66165,21000000.0,100000.0,0.0
0.59,stage1,True,0.0,0.05,-321014027479.16016,100000.0,21000000.0,0.0
0.6,stage1,True,0.0,0.05,586538682537.9696,21000000.0,100000.0,0.0
0.61,stage1,True,0.0,0.05,-1071690320871.1232,100000.0,21000000.0,0.0
0.62,stage1,True,0.0,0.05,1958131966470.7358,21000000.0,100000.0,0.0
0.63,stage1,True,0.0,0.05,-3577788026486.522,100000.0,21000000.0,0.0
0.64,stage1,True,0.0,0.05,6537132012375.475,21000000.0,100000.0,0.0
0.65,stage1,True,0.0,0.05,-11944278037396.479,100000.0,21000000.0,0.0
0.66,stage1,True,0.0,0.05,21823909562259.844,21000000.0,100000.0,0.0
0.67,stage1,True,0.0,0.05,-39875413741248.54,100000.0,21000000.0,0.0
0.68,stage1,True,0.0,0.05,72858101638463.69,21000000.0,100000.0,0.0
0.69,stage1,True,0.0,0.05,-133122204293754.12,100000.0,21000000.0,0.0
0.7,stage1,True,0.0,0.05,243233365645001.62,21000000.0,100000.0,0.0
0.71,stage1,True,0.0,0.05,-444422254550735.4,100000.0,21000000.0,0.0
0.72,stage1,True,0.0,0.05,812023218180628.9,21000000.0,100000.0,0.0
0.73,stage1,True,0.0,0.05,-1483682916668946.0,100000.0,21000000.0,0.0
0.74,stage1,True,0.0,0.05,2710901545583152.5,21000000.0,100000.0,0.0
0.75,stage1,True,0.0,0.05,-4953206043744522.0,100000.0,21000000.0,0.0
0.76,stage1,True,0.0,0.05,9050218054492132.0,21000000.0,100000.0,0.0
0.77,stage1,True,0.0,0.05,-1.6536046776672296e+16,100000.0,21000000.0,0.0
0.78,stage1,True,0.0,0.05,3.021372980782161e+16,21000000.0,100000.0,0.0
0.79,stage1,True,0.0,0.05,-5.5204818976918344e+16,100000.0,21000000.0,0.0
0.8,stage1,True,0.0,0.05,1.0086712423983414e+17,21000000.0,100000.0,0.0
0.81,stage1,True,0.0,0.05,-1.8429870690578774e+17,100000.0,21000000.0,0.0
0.82,stage1,True,0.0,0.05,3.3674017796306125e+17,21000000.0,100000.0,0.0
0.83,stage1,True,0.0,0.05,-6.152726156270168e+17,100000.0,21000000.0,0.0
0.84,stage1,True,0.0,0.05,1.1241913389439067e+18,21000000.0,100000.0,0.0
0.85,stage1,True,0.0,0.05,-2.0540588585574692e+18,100000.0,21000000.0,0.0
0.86,stage1,True,0.0,0.05,3.753060220497689e+18,21000000.0,100000.0,0.0
0.87,stage1,True,0.0,0.05,-6.857379456289849e+18,100000.0,21000000.0,0.0
0.88,stage1,True,0.0,0.05,1.2529416061783925e+19,21000000.0,100000.0,0.0
0.89,stage1,True,0.0,0.05,-2.289304067974469e+19,100000.0,21000000.0,0.0
0.9,stage1,True,0.0,0.05,4.182886967597636e+19,21000000.0,100000.0,0.0
0.91,stage1,True,0.0,0.05,-7.642734588410857e+19,100000.0,21000000.0,0.0
0.92,stage1,True,0.0,0.05,1.3964372559280313e+20,21000000.0,100000.0,0.0
0.93,stage1,True,0.0,0.05,-2.551491206695532e+20,100000.0,21000000.0,0.0
0.94,stage1,True,0.0,0.05,4.661940484764503e+20,21000000.0,100000.0,0.0
0.95,stage1,True,0.0,0.05,-8.518034091771442e+20,100000.0,21000000.0,0.0
0.96,stage1,True,0.0,0.05,1.5563670326916303e+21,21000000.0,100000.0,0.0
0.97,stage1,True,0.0,0.05,-2.84370585319601e+21,100000.0,21000000.0,0.0
0.98,stage1,True,0.0,0.05,5.195858566546418e+21,21000000.0,100000.0,0.0
0.99,stage1,True,0.0,0.05,-9.49357902583779e+21,100000.0,21000000.0,0.0
1.0,stage1,True,0.0,0.05,1.734613087818007e+22,21000000.0,100000.0,0.0
1.01,stage1,True,0.0,0.05,-3.1693869680133537e+22,100000.0,21000000.0,0.0
1.02,stage1,True,0.0,0.05,5.790924687215773e+22,21000000.0,100000.0,0.0
1.03,stage1,True,0.0,0.05,-1.0580850199565724e+23,100000.0,21000000.0,0.0
1.04,stage1,True,0.0,0.05,1.933273129813e+23,21000000.0,100000.0,0.0
1.05,stage1,True,0.0,0.05,-3.532367365535856e+23,100000.0,21000000.0,0.0
1.06,stage1,True,0.0,0.05,6.454141948535564e+23,21000000.0,100000.0,0.0
1.07,stage1,True,0.0,0.05,-1.1792643284577304e+24,100000.0,21000000.0,0.0
1.08,stage1,True,0.0,0.05,2.154685111455292e+24,21000000.0,100000.0,0.0
1.09,stage1,True,0.0,0.05,-3.9369188209049726e+24,100000.0,21000000.0,0.0
1.1,stage1,True,0.0,0.05,7.193315496540201e+24,21000000.0,100000.0,0.0
1.11,stage1,True,0.0,0.05,-1.314321940244405e+25,100000.0,21000000.0,0.0
1.12,stage1,True,0.0,0.05,2.40145474425343e+25,21000000.0,100000.0,0.0
1.13,stage1,True,0.0,0.05,-4.387802342875292e+25,100000.0,21000000.0,0.0
1.14,stage1,True,0.0,0.05,8.01714437726354e+25,21000000.0,100000.0,0.0
1.15,stage1,True,0.0,0.05,-1.4648472958279855e+26,100000.0,21000000.0,0.0
1.16,stage1,True,0.0,0.05,2.6764861640510858e+26,21000000.0,100000.0,0.0
1.17,stage1,True,0.0,0.05,-4.8903242042767084e+26,100000.0,21000000.0,0.0
1.18,stage1,True,0.0,0.05,8.935323912430344e+26,21000000.0,100000.0,0.0
1.19,stage1,True,0.0,0.05,-1.632611869581723e+27,100000.0,21000000.0,0.0
1.2,stage1,True,0.0,0.05,2.983016108673057e+27,21000000.0,100000.0,0.0
1.21,stage1,True,0.0,0.05,-5.450398389473139e+27,100000.0,21000000.0,0.0
1.22,stage1,True,0.0,0.05,9.9586597999251e+27,21000000.0,100000.0,0.0
1.23,stage1,True,0.0,0.05,-1.8195900175332134e+28,100000.0,21000000.0,0.0
1.24,stage1,True,0.0,0.05,3.3246520098331104e+28,21000000.0,100000.0,0.0
1.25,stage1,True,0.0,0.05,-6.074616193746836e+28,100000.0,21000000.0,0.0
1.26,stage1,True,0.0,0.05,1.1099195281849555e+29,21000000.0,100000.0,0.0
1.27,stage1,True,0.0,0.05,-2.027982212793039e+29,100000.0,21000000.0,0.0
1.28,stage1,True,0.0,0.05,3.705414447595531e+29,21000000.0,100000.0,0.0
1.29,stage1,True,0.0,0.05,-6.770323793688468e+29,100000.0,21000000.0,0.0
1.3,stage1,True,0.0,0.05,1.2370352876755347e+30,21000000.0,100000.0,0.0
1.31,stage1,True,0.0,0.05,-2.260240942066983e+30,100000.0,21000000.0,0.0
1.32,stage1,True,0.0,0.05,4.1297844670182216e+30,21000000.0,100000.0,0.0
1.33,stage1,True,0.0,0.05,-7.545708701492738e+30,100000.0,21000000.0,0.0
1.34,stage1,True,0.0,0.05,1.3787092344045082e+31,21000000.0,100000.0,0.0
1.35,stage1,True,0.0,0.05,-2.519099568018349e+31,100000.0,21000000.0,0.0
1.36,stage1,True,0.0,0.05,4.602756313829389e+31,21000000.0,100000.0,0.0
1.37,stage1,True,0.0,0.05,-8.409896120605418e+31,100000.0,21000000.0,0.0
1.38,stage1,True,0.0,0.05,1.5366086739561759e+32,21000000.0,100000.0,0.0
1.39,stage1,True,0.0,0.05,-2.8076044971500376e+32,100000.0,21000000.0,0.0
1.4,stage1,True,0.0,0.05,5.129896209763033e+32,21000000.0,100000.0,0.0
1.41,stage1,True,0.0,0.05,-9.373056336693517e+32,100000.0,21000000.0,0.0
1.42,stage1,True,0.0,0.05,1.7125918634304805e+33,21000000.0,100000.0,0.0
1.43,stage1,True,0.0,0.05,-3.129151031778538e+33,100000.0,21000000.0,0.0
1.44,stage1,True,0.0,0.05,5.717407859259137e+33,21000000.0,100000.0,0.0
1.45,stage1,True,0.0,0.05,-1.0446524407784378e+34,100000.0,21000000.0,0.0
1.46,stage1,True,0.0,0.05,1.9087298805472276e+34,21000000.0,100000.0,0.0
1.47,stage1,True,0.0,0.05,-3.4875233280257443e+34,100000.0,21000000.0,0.0
1.48,stage1,True,0.0,0.05,6.37220545844691e+34,21000000.0,100000.0,0.0
1.49,stage1,True,0.0,0.05,-1.1642933562152467e+35,100000.0,21000000.0,0.0
1.5,stage1,True,0.0,0.05,2.1273309973551237e+35,21000000.0,100000.0,0.0
1.51,stage1,True,0.0,0.05,-3.886938930081205e+35,100000.0,21000000.0,0.0
1.52,stage1,True,0.0,0.05,7.101995065631405e+35,21000000.0,100000.0,0.0
1.53,stage1,True,0.0,0.05,-1.2976363873872103e+36,100000.0,21000000.0,0.0
1.54,stage1,True,0.0,0.05,2.370967845387577e+36,21000000.0,100000.0,0.0
1.55,stage1,True,0.0,0.05,-4.332098404839486e+36,100000.0,21000000.0,0.0
1.56,stage1,True,0.0,0.05,7.915365290896644e+36,21000000.0,100000.0,0.0
1.57,stage1,True,0.0,0.05,-1.4462507965733238e+37,100000.0,21000000.0,0.0
1.58,stage1,True,0.0,0.05,2.6425076919627975e+37,21000000.0,100000.0,0.0
1.59,stage1,True,0.0,0.05,-4.828240661043971e+37,100000.0,21000000.0,0.0
1.6,stage1,True,0.0,0.05,8.82188837211775e+37,21000000.0,100000.0,0.0
1.61,stage1,True,0.0,0.05,-1.6118855689616501e+38,100000.0,21000000.0,0.0
1.62,stage1,True,0.0,0.05,2.945146183937846e+38,21000000.0,100000.0,0.0
1.63,stage1,True,0.0,0.05,-5.381204603966063e+38,100000.0,21000000.0,0.0
1.64,stage1,True,0.0,0.05,9.832232826905469e+38,21000000.0,100000.0,0.0
1.65,stage1,True,0.0,0.05,-1.796489995775734e+39,100000.0,21000000.0,0.0
1.66,stage1,True,0.0,0.05,3.2824449560335417e+39,21000000.0,100000.0,0.0
1.67,stage1,True,0.0,0.05,-5.997497851212669e+39,100000.0,21000000.0,0.0
1.68,stage1,True,0.0,0.05,1.0958289006243138e+40,21000000.0,100000.0,0.0
1.69,stage1,True,0.0,0.05,-2.002236614725401e+40,100000.0,21000000.0,0.0
1.7,stage1,True,0.0,0.05,3.658373546329231e+40,21000000.0,100000.0,0.0
1.71,stage1,True,0.0,0.05,-6.684373318343815e+40,100000.0,21000000.0,0.0
1.72,stage1,True,0.0,0.05,1.2213309027400695e+41,21000000.0,100000.0,0.0
1.73,stage1,True,0.0,0.05,-2.2315467777575585e+41,100000.0,21000000.0,0.0
1.74,stage1,True,0.0,0.05,4.077356112211604e+41,21000000.0,100000.0,0.0
1.75,stage1,True,0.0,0.05,-7.449914575617963e+41,100000.0,21000000.0,0.0
1.76,stage1,True,0.0,0.05,1.361206273295086e+42,21000000.0,100000.0,0.0
1.77,stage1,True,0.0,0.05,-2.4871191470060615e+42,100000.0,21000000.0,0.0
1.78,stage1,True,0.0,0.05,4.5443234965632495e+42,21000000.0,100000.0,0.0
1.79,stage1,True,0.0,0.05,-8.303130980385842e+42,100000.0,21000000.0,0.0
1.8,stage1,True,0.0,0.05,1.5171011511302423e+43,21000000.0,100000.0,0.0
1.81,stage1,True,0.0,0.05,-2.771961454296789e+43,100000.0,21000000.0,0.0
1.82,stage1,True,0.0,0.05,5.064771256934815e+43,21000000.0,100000.0,0.0
1.83,stage1,True,0.0,0.05,-9.254063704713605e+43,100000.0,21000000.0,0.0
1.84,stage1,True,0.0,0.05,1.6908502024378774e+44,21000000.0,100000.0,0.0
1.85,stage1,True,0.0,0.05,-3.0894258979738558e+44,100000.0,21000000.0,0.0
1.86,stage1,True,0.0,0.05,5.6448243406247205e+44,21000000.0,100000.0,0.0
1.87,stage1,True,0.0,0.05,-1.0313903906032107e+45,100000.0,21000000.0,0.0
1.88,stage1,True,0.0,0.05,1.8844982122345763e+45,21000000.0,100000.0,0.0
1.89,stage1,True,0.0,0.05,-3.4432485936181175e+45,100000.0,21000000.0,0.0
1.9,stage1,True,0.0,0.05,6.291309166801614e+45,21000000.0,100000.0,0.0
1.91,stage1,True,0.0,0.05,-1.1495124431515913e+46,100000.0,21000000.0,0.0
1.92,stage1,True,0.0,0.05,2.1003241486415479e+46,21000000.0,100000.0,0.0
1.93,stage1,True,0.0,0.05,-3.8375935429392315e+46,100000.0,21000000.0,0.0
1.94,stage1,True,0.0,0.05,7.011833963978427e+46,21000000.0,100000.0,0.0
1.95,stage1,True,0.0,0.05,-1.2811626606173898e+47,100000.0,21000000.0,0.0
1.96,stage1,True,0.0,0.05,2.340867983173024e+47,21000000.0,100000.0,0.0
1.97,stage1,True,0.0,0.05,-4.277101638291508e+47,100000.0,21000000.0,0.0
1.98,stage1,True,0.0,0.05,7.814878308292757e+47,21000000.0,100000.0,0.0
1.99,stage1,True,0.0,0.05,-1.4278903832133409e+48,100000.0,21000000.0,0.0
2.0,stage1,True,0.0,0.08,2.608960582674198e+48,21000000.0,100000.0,0.0
2.01,stage1,True,0.0,0.08,-4.766945279531385e+48,100000.0,21000000.0,0.0
2.02,stage1,True,0.0,0.08,8.709892916342692e+48,21000000.0,100000.0,0.0
2.03,stage1,True,0.0,0.08,-1.591422392446578e+49,100000.0,21000000.0,0.0
2.04,stage1,True,0.0,0.08,2.9077570246919917e+49,21000000.0,100000.0,0.0
2.05,stage1,True,0.0,0.08,-5.312889245981398e+49,100000.0,21000000.0,0.0
2.06,stage1,True,0.0,0.08,9.707410866993658e+49,21000000.0,100000.0,0.0
2.07,stage1,True,0.0,0.08,-1.7736832329391976e+50,100000.0,21000000.0,0.0
2.08,stage1,True,0.0,0.08,3.240773728355393e+50,21000000.0,100000.0,0.0
2.09,stage1,True,0.0,0.08,-5.921358539873955e+50,100000.0,21000000.0,0.0
2.1,stage1,True,0.0,0.08,1.0819171561089112e+51,21000000.0,100000.0,0.0
2.11,stage1,True,0.0,0.08,-1.9768178616446434e+51,100000.0,21000000.0,0.0
2.12,stage1,True,0.0,0.08,3.6119298377453073e+51,21000000.0,100000.0,0.0
2.13,stage1,True,0.0,0.08,-6.599513999705353e+51,100000.0,21000000.0,0.0
2.14,stage1,True,0.0,0.08,1.205825887789283e+52,21000000.0,100000.0,0.0
2.15,stage1,True,0.0,0.08,-2.2032168910125023e+52,100000.0,21000000.0,0.0
2.16,stage1,True,0.0,0.08,4.0255933447767623e+52,21000000.0,100000.0,0.0
2.17,stage1,True,0.0,0.08,-7.355336573359064e+52,100000.0,21000000.0,0.0
2.18,stage1,True,0.0,0.08,1.3439255154175984e+53,21000000.0,100000.0,0.0
2.19,stage1,True,0.0,0.08,-2.4555447231766178e+53,100000.0,21000000.0,0.0
2.2,stage1,True,0.0,0.08,4.486632494397209e+53,21000000.0,100000.0,0.0
2.21,stage1,True,0.0,0.08,-8.1977212427777e+53,100000.0,21000000.0,0.0
2.22,stage1,True,0.0,0.08,1.4978412798067889e+54,21000000.0,100000.0,0.0
2.23,stage1,True,0.0,0.08,-2.7367709062676756e+54,100000.0,21000000.0,0.0
2.24,stage1,True,0.0,0.08,5.0004730770681546e+54,21000000.0,100000.0,0.0
2.25,stage1,True,0.0,0.08,-9.136581705546409e+54,100000.0,21000000.0,0.0
2.26,stage1,True,0.0,0.08,1.6693845557324018e+55,21000000.0,100000.0,0.0
2.27,stage1,True,0.0,0.08,-3.0502050818705346e+55,100000.0,21000000.0,0.0
2.28,stage1,True,0.0,0.08,5.573162282782008e+55,21000000.0,100000.0,0.0
2.29,stage1,True,0.0,0.08,-1.0182967045345145e+56,100000.0,21000000.0,0.0
2.3,stage1,True,0.0,0.08,1.8605741692990291e+56,21000000.0,100000.0,0.0
2.31,stage1,True,0.0,0.08,-3.3995359349081984e+56,100000.0,21000000.0,0.0
2.32,stage1,True,0.0,0.08,6.2114398680936065e+56,21000000.0,100000.0,0.0
2.33,stage1,True,0.0,0.08,-1.1349191764314946e+57,100000.0,21000000.0,0.0
2.34,stage1,True,0.0,0.08,2.0736601567181e+57,21000000.0,100000.0,0.0
2.35,stage1,True,0.0,0.08,-3.7888746043413245e+57,100000.0,21000000.0,0.0
2.36,stage1,True,0.0,0.08,6.922817473688103e+57,21000000.0,100000.0,0.0
2.37,stage1,True,0.0,0.08,-1.2648980707648796e+58,100000.0,21000000.0,0.0
2.38,stage1,True,0.0,0.08,2.3111502441099588e+58,21000000.0,100000.0,0.0
2.39,stage1,True,0.0,0.08,-4.22280306556321e+58,100000.0,21000000.0,0.0
2.4,stage1,True,0.0,0.08,7.715667025962925e+58,21000000.0,100000.0,0.0
2.41,stage1,True,0.0,0.08,-1.4097630585954697e+59,100000.0,21000000.0,0.0
2.42,stage1,True,0.0,0.08,2.5758393599572136e+59,21000000.0,100000.0,0.0
2.43,stage1,True,0.0,0.08,-4.7064280538864805e+59,100000.0,21000000.0,0.0
2.44,stage1,True,0.0,0.08,8.599319262972907e+59,21000000.0,100000.0,0.0
2.45,stage1,True,0.0,0.08,-1.571218999629479e+60,100000.0,21000000.0,0.0
2.46,stage1,True,0.0,0.08,2.8708425275311116e+60,21000000.0,100000.0,0.0
2.47,stage1,True,0.0,0.08,-5.245441163725065e+60,100000.0,21000000.0,0.0
2.48,stage1,True,0.0,0.08,9.584173544257895e+60,21000000.0,100000.0,0.0
2.49,stage1,True,0.0,0.08,-1.7511660060494317e+61,100000.0,21000000.0,0.0
2.5,stage1,True,500.0,0.08,3.1996315243890537e+61,21000000.0,100000.0,0.0
2.51,stage1,True,500.0,0.08,-5.846185830754488e+61,100000.0,21000000.0,0.0
2.52,stage1,True,500.0,0.08,1.0681820236861767e+62,21000000.0,100000.0,0.0
2.53,stage1,True,500.0,0.08,-1.9517218041951432e+62,100000.0,21000000.0,0.0
2.54,stage1,True,500.0,0.08,3.5660757403747913e+62,21000000.0,100000.0,0.0
2.55,stage1,True,500.0,0.08,-6.5157319853433355e+62,100000.0,21000000.0,0.0
2.56,stage1,True,500.0,0.08,1.1905177117852066e+63,21000000.0,100000.0,0.0
2.57,stage1,True,500.0,0.08,-2.175246657262913e+63,100000.0,21000000.0,0.0
2.58,stage1,True,500.0,0.08,3.9744877149617805e+63,21000000.0,100000.0,0.0
2.59,stage1,True,500.0,0.08,-7.261959255808993e+63,100000.0,21000000.0,0.0
2.6,stage1,True,0.0,0.08,1.3268641398618796e+64,21000000.0,100000.0,0.0
2.61,stage1,True,0.0,0.08,-2.4243711423230984e+64,100000.0,21000000.0,0.0
2.62,stage1,True,0.0,0.08,4.429673889854597e+64,21000000.0,100000.0,0.0
2.63,stage1,True,0.0,0.08,-8.093649700702203e+64,100000.0,21000000.0,0.0
2.64,stage1,True,0.0,0.08,1.478825916005395e+65,21000000.0,100000.0,0.0
2.65,stage1,True,0.0,0.08,-2.7020271085600413e+65,100000.0,21000000.0,0.0
2.66,stage1,True,0.0,0.08,4.936991174131286e+65,21000000.0,100000.0,0.0
2.67,stage1,True,0.0,0.08,-9.020591161438465e+65,100000.0,21000000.0,0.0
2.68,stage1,True,0.0,0.08,1.6481914192638012e+66,21000000.0,100000.0,0.0
2.69,stage1,True,0.0,0.08,-3.0114821810646387e+66,100000.0,21000000.0,0.0
2.7,stage1,True,0.0,0.08,5.502409987623331e+66,21000000.0,100000.0,0.0
2.71,stage1,True,0.0,0.08,-1.005369245159721e+67,100000.0,21000000.0,0.0
2.72,stage1,True,0.0,0.08,1.8369538463815473e+67,21000000.0,100000.0,0.0
2.73,stage1,True,0.0,0.08,-3.356378216243318e+67,100000.0,21000000.0,0.0
2.74,stage1,True,0.0,0.08,6.132584524464836e+67,21000000.0,100000.0,0.0
2.75,stage1,True,0.0,0.08,-1.1205111738506568e+68,100000.0,21000000.0,0.0
2.76,stage1,True,0.0,0.08,2.0473346689564816e+68,21000000.0,100000.0,0.0
2.77,stage1,True,0.0,0.08,-3.7407741614100665e+68,100000.0,21000000.0,0.0
2.78,stage1,True,0.0,0.08,6.83493106371428e+68,21000000.0,100000.0,0.0
2.79,stage1,True,0.0,0.08,-1.2488399627987424e+69,100000.0,21000000.0,0.0
2.8,stage1,True,0.0,0.08,2.281809777076563e+69,21000000.0,100000.0,0.0
2.81,stage1,True,0.0,0.08,-4.1691938229579576e+69,100000.0,21000000.0,0.0
2.82,stage1,True,0.0,0.08,7.617715248663776e+69,21000000.0,100000.0,0.0
2.83,stage1,True,0.0,0.08,-1.391865863616028e+70,100000.0,21000000.0,0.0
2.84,stage1,True,0.0,0.08,2.5431386171055705e+70,21000000.0,100000.0,0.0
2.85,stage1,True,0.0,0.08,-4.646679105278732e+70,100000.0,21000000.0,0.0
2.86,stage1,True,0.0,0.08,8.490149361973209e+70,21000000.0,100000.0,0.0
2.87,stage1,True,0.0,0.08,-1.5512720925089385e+71,100000.0,21000000.0,0.0
2.88,stage1,True,0.0,0.08,2.8343966665353733e+71,21000000.0,100000.0,0.0
2.89,stage1,True,0.0,0.08,-5.178849346974026e+71,100000.0,21000000.0,0.0
2.9,stage1,True,0.0,0.08,9.462500741447135e+71,21000000.0,100000.0,0.0
2.91,stage1,True,0.0,0.08,-1.72893463939491e+72,100000.0,21000000.0,0.0
2.92,stage1,True,0.0,0.08,3.159011628084346e+72,21000000.0,100000.0,0.0
2.93,stage1,True,0.0,0.08,-5.771967452666278e+72,100000.0,21000000.0,0.0
2.94,stage1,True,0.0,0.08,1.0546212612339444e+73,21000000.0,100000.0,0.0
2.95,stage1,True,0.0,0.08,-1.92694434569826e+73,100000.0,21000000.0,0.0
2.96,stage1,True,0.0,0.08,3.520803768997645e+73,21000000.0,100000.0,0.0
2.97,stage1,True,0.0,0.08,-6.433013598687699e+73,100000.0,21000000.0,0.0
2.98,stage1,True,0.0,0.08,1.1754038758221313e+74,21000000.0,100000.0,0.0
2.99,stage1,True,0.0,0.08,-2.147631510649821e+74,100000.0,21000000.0,0.0
3.0,stage1,True,0.0,0.08,3.92403088028679e+74,21000000.0,100000.0,0.0
3.01,stage1,True,0.0,0.08,-7.169767380059812e+74,100000.0,21000000.0,0.0
3.02,stage1,True,0.0,0.08,1.3100193615301194e+75,21000000.0,100000.0,0.0
3.03,stage1,True,0.0,0.08,-2.3935933156719192e+75,100000.0,21000000.0,0.0
3.04,stage1,True,0.0,0.08,4.373438385016597e+75,21000000.0,100000.0,0.0
3.05,stage1,True,0.0,0.08,-7.990899365526662e+75,100000.0,21000000.0,0.0
3.06,stage1,True,0.0,0.08,1.4600519556593408e+76,21000000.0,100000.0,0.0
3.07,stage1,True,0.0,0.08,-2.667724389598303e+76,100000.0,21000000.0,0.0
3.08,stage1,True,0.0,0.08,4.874315185342612e+76,21000000.0,100000.0,0.0
3.09,stage1,True,0.0,0.08,-8.906073138099885e+76,100000.0,21000000.0,0.0
3.1,stage1,True,0.0,0.08,1.6272673334650162e+77,21000000.0,100000.0,0.0
3.11,stage1,True,0.0,0.08,-2.9732508744326383e+77,100000.0,21000000.0,0.0
3.12,stage1,True,0.0,0.08,5.432555905545569e+77,21000000.0,100000.0,0.0
3.13,stage1,True,0.0,0.08,-9.926059022013049e+77,100000.0,21000000.0,0.0
3.14,stage1,True,0.0,0.08,1.8136333877012888e+78,21000000.0,100000.0,0.0
3.15,stage1,True,0.0,0.08,-3.313768392560811e+78,100000.0,21000000.0,0.0
3.16,stage1,True,0.0,0.08,6.054730263571083e+78,21000000.0,100000.0,0.0
3.17,stage1,True,0.0,0.08,-1.1062860834478551e+79,100000.0,21000000.0,0.0
3.18,stage1,True,0.0,0.08,2.021343387985836e+79,21000000.0,100000.0,0.0
3.19,stage1,True,0.0,0.08,-3.693284362232127e+79,100000.0,21000000.0,0.0
3.2,stage1,True,0.0,0.08,6.748160387485594e+79,21000000.0,100000.0,0.0
3.21,stage1,True,0.0,0.08,-1.232985715394413e+80,100000.0,21000000.0,0.0
3.22,stage1,True,0.0,0.08,2.2528417925370742e+80,21000000.0,100000.0,0.0
3.23,stage1,True,0.0,0.08,-4.1162651593062587e+80,100000.0,21000000.0,0.0
3.24,stage1,True,0.0,0.08,7.521006986754126e+80,21000000.0,100000.0,0.0
3.25,stage1,True,0.0,0.08,-1.374195876738002e+81,100000.0,21000000.0,0.0
3.26,stage1,True,0.0,0.08,2.510853016051886e+81,21000000.0,100000.0,0.0
3.27,stage1,True,0.0,0.08,-4.587688680294154e+81,100000.0,21000000.0,0.0
3.28,stage1,True,0.0,0.08,8.3823653924548e+81,21000000.0,100000.0,0.0
3.29,stage1,True,0.0,0.08,-1.5315784149533183e+82,100000.0,21000000.0,0.0
3.3,stage1,True,0.0,0.08,2.798413492284368e+82,21000000.0,100000.0,0.0
3.31,stage1,True,0.0,0.08,-5.113102925285045e+82,100000.0,21000000.0,0.0
3.32,stage1,True,0.0,0.08,9.342372596699498e+82,21000000.0,100000.0,0.0
3.33,stage1,True,0.0,0.08,-1.7069855039289854e+83,100000.0,21000000.0,0.0
3.34,stage1,True,0.0,0.08,3.1189074086515494e+83,21000000.0,100000.0,0.0
3.35,stage1,True,0.0,0.08,-5.698691290203695e+83,100000.0,21000000.0,0.0
3.36,stage1,True,0.0,0.08,1.0412326550942868e+84,21000000.0,100000.0,0.0
3.37,stage1,True,0.0,0.08,-1.9024814414823825e+84,100000.0,21000000.0,0.0
3.38,stage1,True,0.0,0.08,3.476106533420413e+84,21000000.0,100000.0,0.0
3.39,stage1,True,0.0,0.08,-6.351345336791371e+84,100000.0,21000000.0,0.0
3.4,stage1,True,0.0,0.08,1.1604819127185274e+85,21000000.0,100000.0,0.0
3.41,stage1,True,0.0,0.08,-2.1203669432774886e+85,100000.0,21000000.0,0.0
3.42,stage1,True,0.0,0.08,3.874214604181623e+85,21000000.0,100000.0,0.0
3.43,stage1,True,0.0,0.08,-7.078745896716157e+85,100000.0,21000000.0,0.0
3.44,stage1,True,0.0,0.08,1.2933884306816162e+86,21000000.0,100000.0,0.0
3.45,stage1,True,0.0,0.08,-2.3632062190529145e+86,100000.0,21000000.0,0.0
3.46,stage1,True,0.0,0.08,4.317916800002416e+86,21000000.0,100000.0,0.0
3.47,stage1,True,0.0,0.08,-7.889453464293931e+86,100000.0,21000000.0,0.0
3.48,stage1,True,0.0,0.08,1.4415163341083458e+87,21000000.0,100000.0,0.0
3.49,stage1,True,0.0,0.08,-2.633857149809143e+87,100000.0,21000000.0,0.0
3.5,stage1,True,0.0,0.02,4.812434879477071e+87,21000000.0,100000.0,0.0
3.51,stage1,True,0.0,0.02,-8.79300894161542e+87,100000.0,21000000.0,0.0
3.52,stage1,True,0.0,0.02,1.6066088826898003e+88,21000000.0,100000.0,0.0
3.53,stage1,True,0.0,0.02,-2.935504921098084e+88,100000.0,21000000.0,0.0
3.54,stage1,True,0.0,0.02,5.36358863357353e+88,21000000.0,100000.0,0.0
3.55,stage1,True,0.0,0.02,-9.800045921718433e+88,100000.0,21000000.0,0.0
3.56,stage1,True,0.0,0.02,1.7906089864283132e+89,21000000.0,100000.0,0.0
3.57,stage1,True,0.0,0.02,-3.2716995082353353e+89,100000.0,21000000.0,0.0
3.58,stage1,True,0.0,0.02,5.977864376488583e+89,21000000.0,100000.0,0.0
3.59,stage1,True,0.0,0.02,-1.0922415831200916e+90,100000.0,21000000.0,0.0
3.6,stage1,True,0.0,0.02,1.995682070990316e+90,21000000.0,100000.0,0.0
3.61,stage1,True,0.0,0.02,-3.6463974545759897e+90,100000.0,21000000.0,0.0
3.62,stage1,True,0.0,0.02,6.66249128055942e+90,21000000.0,100000.0,0.0
3.63,stage1,True,0.0,0.02,-1.2173327405056638e+91,100000.0,21000000.0,0.0
3.64,stage1,True,0.0,0.02,2.2242415617585463e+91,21000000.0,100000.0,0.0
3.65,stage1,True,0.0,0.02,-4.0640084345367856e+91,100000.0,21000000.0,0.0
3.66,stage1,True,0.0,0.02,7.425526453580134e+91,21000000.0,100000.0,0.0
3.67,stage1,True,0.0,0.02,-1.3567502135139776e+92,100000.0,21000000.0,0.0
3.68,stage1,True,0.0,0.02,2.4789772864969038e+92,21000000.0,100000.0,0.0
3.69,stage1,True,0.0,0.02,-4.5294471493389846e+92,100000.0,21000000.0,0.0
3.7,stage1,True,0.0,0.02,8.275949759770439e+92,21000000.0,100000.0,0.0
3.71,stage1,True,0.0,0.02,-1.5121347521677535e+93,100000.0,21000000.0,0.0
3.72,stage1,True,0.0,0.02,2.7628871308873883e+93,21000000.0,100000.0,0.0
3.73,stage1,True,0.0,0.02,-5.048191166215782e+93,100000.0,21000000.0,0.0
3.74,stage1,True,0.0,0.02,9.223769500305529e+93,21000000.0,100000.0,0.0
3.75,stage1,True,0.0,0.02,-1.6853150166759674e+94,100000.0,21000000.0,0.0
3.76,stage1,True,0.0,0.02,3.079312319480318e+94,21000000.0,100000.0,0.0
3.77,stage1,True,0.0,0.02,-5.626345381771348e+94,100000.0,21000000.0,0.0
3.78,stage1,True,0.0,0.02,1.0280140197118632e+95,21000000.0,100000.0,0.0
3.79,stage1,True,0.0,0.02,-1.8783290982248538e+95,100000.0,21000000.0,0.0
3.8,stage1,True,0.0,0.02,3.4319767372687684e+95,21000000.0,100000.0,0.0
3.81,stage1,True,0.0,0.02,-6.270713868133385e+95,100000.0,21000000.0,0.0
3.82,stage1,True,0.0,0.02,1.1457493866139408e+96,21000000.0,100000.0,0.0
3.83,stage1,True,0.0,0.02,-2.093448504479972e+96,100000.0,21000000.0,0.0
3.84,stage1,True,0.0,0.02,3.82503075464004e+96,21000000.0,100000.0,0.0
3.85,stage1,True,0.0,0.02,-6.988879947434098e+96,100000.0,21000000.0,0.0
3.86,stage1,True,0.0,0.02,1.2769686324843746e+97,21000000.0,100000.0,0.0
3.87,stage1,True,0.0,0.02,-2.3332048920773312e+97,100000.0,21000000.0,0.0
3.88,stage1,True,0.0,0.02,4.2631000714724144e+97,21000000.0,100000.0,0.0
3.89,stage1,True,0.0,0.02,-7.789295436978066e+97,100000.0,21000000.0,0.0
3.9,stage1,True,0.0,0.02,1.42321602559885e+98,21000000.0,100000.0,0.0
3.91,stage1,True,0.0,0.02,-2.6004198607053293e+98,100000.0,21000000.0,0.0
3.92,stage1,True,0.0,0.02,4.751340155197885e+98,21000000.0,100000.0,0.0
3.93,stage1,True,0.0,0.02,-8.681380115393572e+98,100000.0,21000000.0,0.0
3.94,stage1,True,0.0,0.02,1.5862126946537747e+99,21000000.0,100000.0,0.0
3.95,stage1,True,0.0,0.02,-2.8982381594143357e+99,100000.0,21000000.0,0.0
3.96,stage1,True,0.0,0.02,5.295496913493452e+99,21000000.0,100000.0,0.0
3.97,stage1,True,0.0,0.02,-9.675632580344154e+99,100000.0,21000000.0,0.0
3.98,stage1,True,0.0,0.02,1.76787688406059e+100,21000000.0,100000.0,0.0
3.99,stage1,True,0.0,0.02,-3.2301646959453184e+100,100000.0,21000000.0,0.0
4.0,stage1,True,0.0,0.02,5.901974315634062e+100,21000000.0,100000.0,0.0
4.01,stage1,True,0.0,0.02,-1.078375380243982e+101,100000.0,21000000.0,0.0
4.02,stage1,True,0.0,0.02,1.9703465290180562e+101,21000000.0,100000.0,0.0
4.03,stage1,True,0.0,0.02,-3.600105784626239e+101,100000.0,21000000.0,0.0
4.04,stage1,True,0.0,0.02,6.577909758316543e+101,21000000.0,100000.0,0.0
4.05,stage1,True,0.0,0.02,-1.201878482941727e+102,100000.0,21000000.0,0.0
4.06,stage1,True,0.0,0.02,2.1960044160410334e+102,21000000.0,100000.0,0.0
4.07,stage1,True,0.0,0.02,-4.0124151182655485e+102,100000.0,21000000.0,0.0
4.08,stage1,True,0.0,0.02,7.331258062906038e+102,21000000.0,100000.0,0.0
4.09,stage1,True,0.0,0.02,-1.3395260261148442e+103,100000.0,21000000.0,0.0
4.1,stage1,True,0.0,0.02,2.4475062250471424e+103,21000000.0,100000.0,0.0
4.11,stage1,True,0.0,0.02,-4.471945005070837e+103,100000.0,21000000.0,0.0
4.12,stage1,True,0.0,0.02,8.170885092634669e+103,21000000.0,100000.0,0.0
4.13,stage1,True,0.0,0.02,-1.4929379301701194e+104,100000.0,21000000.0,0.0
4.14,stage1,True,0.0,0.02,2.7278117830217442e+104,21000000.0,100000.0,0.0
4.15,stage1,True,0.0,0.02,-4.984103473576453e+104,100000.0,21000000.0,0.0
4.16,stage1,True,0.0,0.02,9.106672091498461e+104,21000000.0,100000.0,0.0
4.17,stage1,True,0.0,0.02,-1.6639196401470652e+105,100000.0,21000000.0,0.0
4.18,stage1,True,0.0,0.02,3.040219897070514e+105,21000000.0,100000.0,0.0
4.19,stage1,True,0.0,0.02,-5.554917917628414e+105,100000.0,21000000.0,0.0
4.2,stage1,True,0.0,0.02,1.0149631972775184e+106,21000000.0,100000.0,0.0
4.21,stage1,True,0.0,0.02,-1.8544833732984848e+106,100000.0,21000000.0,0.0
4.22,stage1,True,0.0,0.02,3.38840717679742e+106,21000000.0,100000.0,0.0
4.23,stage1,True,0.0,0.02,-6.191106030438604e+106,100000.0,21000000.0,0.0
4.24,stage1,True,0.0,0.02,1.1312038925717983e+107,21000000.0,100000.0,0.0
4.25,stage1,True,0.0,0.02,-2.0668718000927974e+107,100000.0,21000000.0,0.0
4.26,stage1,True,0.0,0.02,3.776471302893379e+107,21000000.0,100000.0,0.0
4.27,stage1,True,0.0,0.02,-6.900154862501401e+107,100000.0,21000000.0,0.0
4.28,stage1,True,0.0,0.02,1.2607572865717215e+108,21000000.0,100000.0,0.0
4.29,stage1,True,0.0,0.02,-2.3035844373305847e+108,100000.0,21000000.0,0.0
4.3,stage1,True,0.0,0.02,4.2089792511468237e+108,21000000.0,100000.0,0.0
4.31,stage1,True,0.0,0.02,-7.690408933788727e+108,100000.0,21000000.0,0.0
4.32,stage1,True,0.0,0.02,1.4051480427898078e+109,21000000.0,100000.0,0.0
4.33,stage1,True,0.0,0.02,-2.5674070639860564e+109,100000.0,21000000.0,0.0
4.34,stage1,True,0.0,0.02,4.691021039405606e+109,21000000.0,100000.0,0.0
4.35,stage1,True,0.0,0.02,-8.571168437146879e+109,100000.0,21000000.0,0.0
4.36,stage1,True,0.0,0.02,1.566075439884999e+110,21000000.0,100000.0,0.0
4.37,stage1,True,0.0,0.02,-2.8614445059560688e+110,100000.0,21000000.0,0.0
4.38,stage1,True,0.0,0.02,5.228269630017811e+110,21000000.0,100000.0,0.0
4.39,stage1,True,0.0,0.02,-9.552798688658275e+110,100000.0,21000000.0,0.0
4.4,stage1,True,0.0,0.02,1.7454333698117458e+111,21000000.0,100000.0,0.0
4.41,stage1,True,0.0,0.02,-3.189157175548938e+111,100000.0,21000000.0,0.0
4.42,stage1,True,0.0,0.02,5.827047692719395e+111,21000000.0,100000.0,0.0
4.43,stage1,True,0.0,0.02,-1.064685211301343e+112,100000.0,21000000.0,0.0
4.44,stage1,True,0.0,0.02,1.9453326262980677e+112,21000000.0,100000.0,0.0
4.45,stage1,True,0.0,0.02,-3.554401795731151e+112,100000.0,21000000.0,0.0
4.46,stage1,True,0.0,0.02,6.494402013675557e+112,21000000.0,100000.0,0.0
4.47,stage1,True,0.0,0.02,-1.186620419950457e+113,100000.0,21000000.0,0.0
4.48,stage1,True,0.0,0.02,2.1681257459560874e+113,21000000.0,100000.0,0.0
4.49,stage1,True,0.0,0.02,-3.9614767884001305e+113,100000.0,21000000.0,0.0
4.5,stage1,True,0.0,0.02,7.238186426366741e+113,21000000.0,100000.0,0.0
4.51,stage1,True,0.0,0.02,-1.3225205028652053e+114,100000.0,21000000.0,0.0
4.52,stage1,True,0.0,0.02,2.4164346943697102e+114,21000000.0,100000.0,0.0
4.53,stage1,True,0.0,0.02,-4.4151728608405606e+114,100000.0,21000000.0,0.0
4.54,stage1,True,0.0,0.02,8.067154240300388e+114,21000000.0,100000.0,0.0
4.55,stage1,True,0.0,0.02,-1.473984815272159e+115,100000.0,21000000.0,0.0
4.56,stage1,True,0.0,0.02,2.6931817229912304e+115,21000000.0,100000.0,0.0
4.57,stage1,True,0.0,0.02,-4.920829385693073e+115,100000.0,21000000.0,0.0
4.58,stage1,True,0.0,0.02,8.991061255307465e+115,21000000.0,100000.0,0.0
4.59,stage1,True,0.0,0.02,-1.642795881762089e+116,100000.0,21000000.0,0.0
4.6,stage1,True,0.0,0.02,3.0016237599774735e+116,21000000.0,100000.0,0.0
4.61,stage1,True,0.0,0.02,-5.484397237957854e+116,100000.0,21000000.0,0.0
4.62,stage1,True,0.0,0.02,1.002078057375546e+117,21000000.0,100000.0,0.0
4.63,stage1,True,0.0,0.02,-1.830940374128733e+117,100000.0,21000000.0,0.0
4.64,stage1,True,0.0,0.02,3.3453907397137947e+117,21000000.0,100000.0,0.0
4.65,stage1,True,0.0,0.02,-6.112508828526133e+117,100000.0,21000000.0,0.0
4.66,stage1,True,0.0,0.02,1.116843056186262e+118,21000000.0,100000.0,0.0
4.67,stage1,True,0.0,0.02,-2.0406324917365215e+118,100000.0,21000000.0,0.0
4.68,stage1,True,0.0,0.02,3.7285283220995044e+118,21000000.0,100000.0,0.0
4.69,stage1,True,0.0,0.02,-6.812556158445262e+118,100000.0,21000000.0,0.0
4.7,stage1,True,0.0,0.02,1.2447517466037171e+119,21000000.0,100000.0,0.0
4.71,stage1,True,0.0,0.02,-2.2743400195718336e+119,100000.0,21000000.0,0.0
4.72,stage1,True,0.0,0.02,4.155545504345925e+119,21000000.0,100000.0,0.0
4.73,stage1,True,0.0,0.02,-7.592777812504391e+119,100000.0,21000000.0,0.0
4.74,stage1,True,0.0,0.02,1.3873094362638904e+120,21000000.0,100000.0,0.0
4.75,stage1,True,0.0,0.02,-2.5348133706448298e+120,100000.0,21000000.0,0.0
4.76,stage1,True,0.0,0.02,4.6314676856110987e+120,21000000.0,100000.0,0.0
4.77,stage1,True,0.0,0.02,-8.462355915932089e+120,100000.0,21000000.0,0.0
4.78,stage1,True,0.0,0.02,1.5461938311783108e+121,21000000.0,100000.0,0.0
4.79,stage1,True,0.0,0.02,-2.8251179545304876e+121,100000.0,21000000.0,0.0
4.8,stage1,True,0.0,0.02,5.161895808968228e+121,21000000.0,100000.0,0.0
4.81,stage1,True,0.0,0.02,-9.431524195268859e+121,100000.0,21000000.0,0.0
4.82,stage1,True,0.0,0.02,1.7232747800028542e+122,21000000.0,100000.0,0.0
4.83,stage1,True,0.0,0.02,-3.1486702529821407e+122,100000.0,21000000.0,0.0
4.84,stage1,True,0.0,0.02,5.753072276726434e+122,21000000.0,100000.0,0.0
4.85,stage1,True,0.0,0.02,-1.0511688415098311e+123,100000.0,21000000.0,0.0
4.86,stage1,True,0.0,0.02,1.9206362795606145e+123,21000000.0,100000.0,0.0
4.87,stage1,True,0.0,0.02,-3.509278027176133e+123,100000.0,21000000.0,0.0
4.88,stage1,True,0.0,0.02,6.411954414836196e+123,21000000.0,100000.0,0.0
4.89,stage1,True,0.0,0.02,-1.1715560608065888e+124,100000.0,21000000.0,0.0
4.9,stage1,True,0.0,0.02,2.1406010005893133e+124,21000000.0,100000.0,0.0
4.91,stage1,True,0.0,0.02,-3.911185129772639e+124,100000.0,21000000.0,0.0
4.92,stage1,True,0.0,0.02,7.146296350952718e+124,21000000.0,100000.0,0.0
4.93,stage1,True,0.0,0.02,-1.305730867784491e+125,100000.0,21000000.0,0.0
4.94,stage1,True,0.0,0.02,2.3857576223501507e+125,21000000.0,100000.0,0.0
4.95,stage1,True,0.0,0.02,-4.359121449167196e+125,100000.0,21000000.0,0.0
4.96,stage1,True,0.0,0.02,7.964740269748909e+125,21000000.0,100000.0,0.0
4.97,stage1,True,0.0,0.02,-1.4552723135685325e+126,100000.0,21000000.0,0.0
4.98,stage1,True,0.0,0.02,2.658991297787334e+126,21000000.0,100000.0,0.0
4.99,stage1,True,0.0,0.02,-4.858358573707838e+126,100000.0,21000000.0,0.0
5.0,stage1,True,0.0,0.02,8.876918119425981e+126,21000000.0,100000.0,0.0
