time,input_f_normalized,output_J1_w,output_J2_w,output_J3_w,output_J4_w
0.0,-0.7760986765476823,10.0,0.0,0.0,0.0
1.0000003170686011e-11,-0.6690646899399976,9.9999999999,1.0000000000022589e-10,0.0,0.0
1.0000003170686011e-11,-0.545883905908665,9.9999999999,1.0000000000022589e-10,0.0,0.0
0.01,-0.4095290940470381,9.915563498161264,0.09999736345127966,1.4606709640407448e-31,1.4643931539580287e-31
0.02,-0.2632909578670099,9.860613993670084,0.19997966681229143,1.5362625962718405e-31,1.5401836027342274e-31
0.03,-0.11069871897601946,9.830742863559204,0.29993129125086126,3.679571012216555e-31,3.681155477948642e-31
0.04,0.04456505499556746,9.81917117474559,0.3998366392063503,3.9874952757622445e-31,3.98874224575843e-31
0.05,0.19875332322607023,9.817614056436831,0.49968050816483633,3.956785677135396e-31,3.958066305923091e-31
0.057129719711777605,0.34814500049061514,9.81729316727034,0.5708200018728631,3.949641977368254e-31,3.950930435900128e-31
0.057129719711777605,0.4891347595527765,9.81729316727034,0.5708200018728631,3.949641977368254e-31,3.950930435900128e-31
0.057131459117010584,0.6183200399238405,9.817292684063613,0.5708373509680618,5.000000003229027e-11,-5.000000003229027e-11
0.057131459117010584,0.7325831631735538,9.817292684063613,0.5708373509680618,5.000000003229027e-11,-5.000000003229027e-11
0.060000000000000005,0.829166573071783,9.81613861993631,0.5994449768455375,5.000000003229027e-11,-5.000000003229027e-11
0.06999999999999999,0.905739384761562,9.804824341481684,0.6991158375865892,5.000000003229027e-11,-5.000000003229027e-11
0.07999999999999999,0.9604536369065597,9.775521344808595,0.7986784704525053,5.000000003229027e-11,-5.000000003229027e-11
0.09,0.9919888892580887,9.721451303638794,0.8981166332264596,5.000000003229027e-11,-5.000000003229027e-11
0.09999999999999999,0.9995840893512988,9.638107451639334,0.9974139098466661,5.000000003229027e-11,-5.000000003229027e-11
0.10316191314060291,0.9830559392792134,9.605357577761389,1.0287789961890497,5.000000003229027e-11,-5.000000003229027e-11
0.10316191314060291,0.9428033192921508,9.605357577761389,1.0287789961890497,5.000000003229027e-11,-5.000000003229027e-11
0.10635217929603032,0.8797976614660739,9.568775409798238,1.0604078274227111,5.000000003229027e-11,-5.000000003229027e-11
0.10635217929603032,0.7955595057558742,9.568775409798238,1.0604078274227111,5.000000003229027e-11,-5.000000003229027e-11
0.10999999999999999,0.6921218042154352,9.523167582990302,1.096552256728785,5.0000000032290335e-11,-5.0000000032290205e-11
0.12,0.5719808589779514,9.379128701539033,1.1955198203108404,5.00000000322904e-11,-5.000000003229014e-11
0.13,0.43803607802922995,9.210332669801721,1.2942994254294067,5.00000000322904e-11,-5.000000003229014e-11
0.14,0.2935200026712631,9.02352672347879,1.392875698849164,5.00000000322904e-11,-5.000000003229014e-11
0.15000000000000002,0.14192029535037248,8.827422628374253,1.4912329577657824,5.00000000322904e-11,-5.000000003229014e-11
0.16,-0.013104429452058051,8.631268648291972,1.5893562144527549,5.00000000322904e-11,-5.000000003229014e-11
0.17,-0.16781289998058174,8.444587693711721,1.6872300648787917,5.00000000322904e-11,-5.000000003229014e-11
0.18000000000000002,-0.3184714767666866,8.276341647644777,1.7848385216113283,5.0000000032290406e-11,-5.0000000032290134e-11
0.19,-0.46144425799687294,8.133548077325237,1.882166079642327,5.0000000032290406e-11,-5.0000000032290134e-11
0.19378091200457118,-0.5932808261400271,8.087146842404046,1.9188884241781967,5.0000000032290406e-11,-5.0000000032290134e-11
0.19378091200457118,-0.7107995182107263,8.087146842404046,1.9188884241781967,5.0000000032290406e-11,-5.0000000032290134e-11
0.19690837351350596,-0.8111642100749512,8.052421173819678,1.9492298118250655,5.0000000032290406e-11,-5.0000000032290134e-11
0.19690837351350596,-0.8919527617328097,8.052421173819678,1.9492298118250655,5.0000000032290406e-11,-5.0000000032290134e-11
0.2,-0.9512154717617308,8.02112644225922,1.9791940321602342,5.0000000032290406e-11,-5.0000000032290134e-11
0.21000000000000002,-0.9875221302163961,7.9398994171606585,2.075912629056206,5.0000000032290406e-11,-5.0000000032290134e-11
0.22,-0.9999965344395553,7.888352405398648,2.1723039813664853,5.0000000032290406e-11,-5.0000000032290134e-11
0.23,-0.9883376348002832,7.862463982114742,2.268354283813486,5.0000000032290406e-11,-5.0000000032290134e-11
0.24000000000000002,-0.9528268000413768,7.855141626348487,2.364047386550415,5.0000000032290406e-11,-5.0000000032290134e-11
0.25,-0.8943210268984529,7.858047368224115,2.459368661205939,5.0000000032290406e-11,-5.0000000032290134e-11
0.25915468777875744,-0.8142322578656519,7.8614011617603,2.54629318420804,5.0000000032290406e-11,-5.0000000032290134e-11
0.25915468777875744,-0.71449330624029,7.8614011617603,2.54629318420804,5.0000000032290406e-11,-5.0000000032290134e-11
0.26,-0.5975112107906008,7.861431093298139,2.5543012508938143,5.0000000032290406e-11,-5.0000000032290134e-11
0.27,-0.46610914575641516,7.855256861147973,2.6488248839961273,5.0000000032290406e-11,-5.0000000032290134e-11
0.28,-0.32345828809126076,7.831383233302999,2.7429387980000906,5.0000000032290406e-11,-5.0000000032290134e-11
0.29000000000000004,-0.17300128622011504,7.782989108437519,2.8366210081772194,5.0000000032290406e-11,-5.0000000032290134e-11
0.3,-0.018369177270940156,7.705653809782688,2.9298563775587434,5.0000000032290406e-11,-5.0000000032290134e-11
0.3029603976701638,0.13670624215133642,7.676801949811006,2.9573698388831406,5.0000000032290406e-11,-5.0000000032290134e-11
0.3029603976701638,0.28848247685835793,7.676801949811006,2.9573698388831406,5.0000000032290406e-11,-5.0000000032290134e-11
0.3059377656490273,0.43329665216493213,7.644882384725145,2.984997616350397,5.0000000032290406e-11,-5.0000000032290134e-11
0.3059377656490273,0.5676539114631629,7.644882384725145,2.984997616350397,5.0000000032290406e-11,-5.0000000032290134e-11
0.31,0.6883117589512157,7.597046626129884,3.022625436240167,5.0000000032290406e-11,-5.0000000032290134e-11
0.32,0.792358312040968,7.459687847118289,3.114921855924781,5.0000000032290406e-11,-5.0000000032290134e-11
0.33,0.8772825749488599,7.297821253756037,3.206727468709205,5.0000000032290406e-11,-5.0000000032290134e-11
0.34,0.9410350375301425,7.118268566535307,3.298027701109314,5.0000000032290406e-11,-5.0000000032290134e-11
0.35000000000000003,0.9820771369013778,6.929328286776133,3.3888086615678383,5.0000000032290406e-11,-5.0000000032290134e-11
0.36000000000000004,0.9994183881747041,6.740795871798777,3.4790556780064863,5.0000000032290406e-11,-5.0000000032290134e-11
0.37,0.9926402882134386,6.562259818732031,3.568754456214042,5.0000000032290406e-11,-5.0000000032290134e-11
0.38,0.96190641553045,6.402598704632693,3.657890666442603,5.0000000032290406e-11,-5.0000000032290134e-11
0.39,0.9079584825845116,6.268725339906235,3.7464502321318984,5.0000000032290406e-11,-5.0000000032290134e-11
0.39436794252915963,0.8320984357461356,6.219566145799691,3.784948031917302,5.0000000032290406e-11,-5.0000000032290134e-11
0.39436794252915963,0.7361570349212981,6.219566145799691,3.784948031917302,5.0000000032290406e-11,-5.0000000032290134e-11
0.39720043133990685,0.6224496711132171,6.191012467526597,3.8098503166810667,5.0000000032290406e-11,-5.0000000032290134e-11
0.39720043133990685,0.493720488194071,6.191012467526597,3.8098503166810667,5.0000000032290406e-11,-5.0000000032290134e-11
0.4,0.3530761574175644,6.16530274854755,3.834415838360948,5.0000000032290406e-11,-5.0000000032290134e-11
0.4,0.20391090291774033,6.16530274854755,3.834415838360948,5.0000000032290406e-11,-5.0000000032290134e-11
0.41000000000000003,0.049824587582709294,6.093497740521592,3.821779271932204,0.10000000004999943,-5.0000000032290134e-11
0.42000000000000004,-0.10546416383139047,6.051713114259755,3.8085244290296068,0.20000000004999868,-5.0000000032290134e-11
0.42209396734454496,-0.25820770771257956,6.0464571932857725,3.805669471805074,0.22093967349544763,-5.0000000032290134e-11
0.42209396734454496,-0.40471982492853653,6.0464571932857725,3.805669471805074,0.22093967349544763,-5.0000000032290134e-11
0.42565284233978645,-0.5414646817813085,6.040098134475689,3.8007514956071984,0.256528423447863,-5.000000003229014e-11
0.42565284233978645,-0.665142161652093,6.040098134475689,3.8007514956071984,0.256528423447863,-5.000000003229014e-11
0.43,-0.7727675079943742,6.036117789815257,3.7946344253630597,0.30000000004999844,-5.000000003229014e-11
0.44,-0.8617433566202535,6.039173178176298,3.780102418964519,0.4000000000499982,-5.000000003229014e-11
0.45,-0.9299224188968624,6.05250451201649,3.7649115529743016,0.5000000000499981,-5.000000003229014e-11
0.46,-0.975659303095022,6.066754028375363,3.749048547484512,0.6000000000499981,-5.000000003229014e-11
0.4611845318455007,-0.9978502232654197,6.068032740062934,3.747124356372601,0.6118453185050047,-5.000000003229014e-11
0.4611845318455007,-0.9959596373326429,6.068032740062934,3.747124356372601,0.6118453185050047,-5.000000003229014e-11
0.47000000000000003,-0.9700331715396064,6.071980768534355,3.732497038261869,0.6951405218701513,0.004859478129846811
0.47740766862364503,-0.92069651933175,6.064933310707364,3.7197882691201545,0.7562697599942187,0.017806926242229102
0.47740766862364503,-0.8491403412546664,6.064933310707364,3.7197882691201545,0.7562697599942187,0.017806926242229102
0.48000000000000004,-0.7570915302817789,6.059552570900266,3.7152471887410488,0.7754885557461094,0.024511444253887568
0.4809133374442351,-0.6467715360370379,6.057287306802351,3.713636514068817,0.7820551634953826,0.027078210946964856
0.4809133374442351,-0.5208427536903422,6.057287306802351,3.713636514068817,0.7820551634953826,0.027078210946964856
0.49,-0.38234427134324295,6.022566427893258,3.6972832611383453,0.8404849642472689,0.05951503575272682
0.4949646255223606,-0.23461852653811507,5.9937046739831725,3.6880983808329804,0.8677017606281809,0.08194449459542118
0.4949646255223606,-0.08123064191780248,5.9937046739831725,3.6880983808329804,0.8677017606281809,0.08194449459542118
0.49692326844283874,0.07411761326063543,5.9802074069144755,3.6844235278714317,0.877388946767687,0.0918437376606968
0.49692326844283874,0.22767715935782032,5.9802074069144755,3.6844235278714317,0.877388946767687,0.0918437376606968
0.5,0.37574208434374257,5.956669230108474,3.6785947410242943,0.8916192158686048,0.10838078413139182
0.51,0.5147390800088367,5.860513310781115,3.659172087818625,0.9298973553584188,0.17010264464157546
0.52,0.6413136779956423,5.735485004992381,3.638998961925749,0.9567800887661361,0.24321991123386175
0.53,0.752411204483516,5.586043001594691,3.6180626504721056,0.9744040307781048,0.3255959692218952
0.54,0.8453504998156431,5.419088557352025,3.5963506883334624,0.9845482626946235,0.41545173730537877
0.55,0.9178886239639695,5.243243887960083,3.573850812011438,0.9894911098301533,0.5105088901698512
0.56,0.9682749862700362,5.06817934905282,3.550550729276729,0.9909294994991011,0.6090705005009057
0.5700000000000001,0.9952935931276858,4.903552450420577,3.5264383051849384,0.9912349722942987,0.7087650277057107
0.5800000000000001,0.9982923940279651,4.7580610213802785,3.5015015570155477,0.9928140671737797,0.8071859328262313
0.59,0.9771990177467172,4.638610938019808,3.475728631384368,0.9980418869566849,0.9019581130433273
0.6,0.9325225189073817,4.549640666526703,3.449107806976711,1.0092054900732328,0.990794509926782
0.602703599937648,0.865341092768507,4.531093169470415,3.441763484606679,1.0135179996382333,1.0135179997382622
0.602703599937648,,4.531093169470415,3.441763484606679,1.0135179996382333,1.0135179997382622
0.61,,4.492744573858536,3.4216249937323617,1.0499999999499927,1.0500000000500216
0.6119416356848617,,4.485287850662403,3.4161885026567806,1.0597081783743012,1.05970817847433
0.6119416356848617,,4.485287850662403,3.4161885026567806,1.0597081783743012,1.05970817847433
0.614297441576434,,4.4778690564969565,3.409546487169843,1.0714872078321633,1.0714872079321922
0.614297441576434,,4.4778690564969565,3.409546487169843,1.0714872078321633,1.0714872079321922
0.62,,4.466372886415341,3.393269757972298,1.099999999949993,1.1000000000500219
0.6295121920598321,,4.465398519058866,3.365482622255154,1.147560960249152,1.147560960349181
0.6295121920598321,,4.465398519058866,3.365482622255154,1.147560960249152,1.147560960349181
0.63,,4.465909572990617,3.3640351121759924,1.149999999949992,1.1500000000500208
0.6327853972838993,,4.469599020743972,3.3557325479890574,1.1639269863694877,1.1639269864695165
0.6327853972838993,,4.469599020743972,3.3557325479890574,1.1639269863694877,1.1639269864695165
0.6327853975039373,,4.469599021088481,3.355732547330535,1.163926987569695,1.1639269874696894
0.6327853975039373,,4.469599021088481,3.355732547330535,1.163926987569695,1.1639269874696894
0.64,,4.484819651629432,3.333904762439682,1.206200040717762,1.19379995928225
0.65,,4.514200788457888,3.3028733585071546,1.2773849037134386,1.2226150962865712
0.66,,4.54449680309762,3.2709266027513215,1.3636955313147319,1.2363044686852773
0.6632085123445276,,4.552817108405223,3.2604807195040535,1.3946517954132331,1.2374333280320529
0.6632085123445276,,4.552817108405223,3.2604807195040535,1.3946517954132331,1.2374333280320529
0.67,,4.566029389389468,3.238050297455426,1.4625666719679544,1.2374333280320529
0.68,,4.570183088013662,3.2042406320724988,1.562566671967954,1.2374333280320529
0.6900000000000001,,4.550169017289232,3.16948393699776,1.662566671967954,1.2374333280320529
0.6904883394230308,,4.548482752112499,3.16776219455934,1.6674500661982612,1.2374333280320529
0.6904883394230308,,4.548482752112499,3.16776219455934,1.6674500661982612,1.2374333280320529
0.6927587500265736,,4.539640222061203,3.1597248268185263,1.6901541722336888,1.2374333280320529
0.6927587500265736,,4.539640222061203,3.1597248268185263,1.6901541722336888,1.2374333280320529
0.7000000000000001,,4.5012942537607605,3.1337643387318197,1.7625666719679525,1.2374333280320529
0.7100000000000001,,4.422448929264103,3.0970820470577562,1.8625666719679526,1.2374333280320529
0.72,,4.3150295538098415,3.0594222958495907,1.9625666719679504,1.2374333280320529
0.73,,4.183391012062183,3.0207753120510676,2.0625666719679505,1.2374333280320529
0.7369445884088976,,4.081241758614878,2.993350573829573,2.132012556056927,1.2374333280320529
0.7369445884088976,,4.081241758614878,2.993350573829573,2.132012556056927,1.2374333280320529
0.74,,4.034312198382345,2.9811276827460844,2.1625666719679497,1.2374333280320529
0.75,,3.8767879351111105,2.94047619256023,2.2625666719679494,1.2374333280320529
0.76,,3.7202788105037725,2.898809367493062,2.362566671967948,1.2374333280320529
0.77,,3.5742471194129686,2.856117462270222,2.462566671967947,1.2374333280320529
0.78,,3.447505802800801,2.812391280670059,2.562566671967946,1.2374333280320529
0.79,,3.346976407043484,2.767621913213652,2.662566671967946,1.2374333280320529
0.7916218879548386,,3.3334963882028035,2.7602619106732207,2.6787855515163317,1.2374333280320529
0.7916218879548386,,3.3334963882028035,2.7602619106732207,2.6787855515163317,1.2374333280320529
0.7972115395343959,,3.2934960227991352,2.734682067211886,2.7346820673119066,1.2374333280320529
0.7972115395343959,,3.2934960227991352,2.734682067211886,2.7346820673119066,1.2374333280320529
0.8,,3.277316283829596,2.742182009873972,2.7421820099739924,1.2374333280320529
0.81,,3.239739532008972,2.7687409625020054,2.768740962602026,1.2374333280320529
0.8200000000000001,,3.232786032684268,2.794765531187309,2.7947655312873296,1.2374333280320529
0.8252755014707202,,3.2401096744766527,2.8082781014785443,2.8082781015785647,1.2374333280320529
0.8252755014707202,,3.2401096744766527,2.8082781014785443,2.8082781015785647,1.2374333280320529
0.8275057232389713,,3.2452473302199505,2.813944549864932,2.8139445499649525,1.2374333280320529
0.8275057232389713,,3.2452473302199505,2.813944549864932,2.8139445499649525,1.2374333280320529
0.8300000000000001,,3.252249453701827,2.820250032809891,2.8202500329099114,1.2374333280320529
0.8400000000000001,,3.290967827064944,2.8451934074721175,2.845193407572138,1.2374333280320529
0.8495354376410467,,3.3380695867309975,2.8684692524271194,2.86846925252714,1.2374333280320529
0.8495354376410467,,3.3380695867309975,2.8684692524271194,2.86846925252714,1.2374333280320529
0.85,,3.3404753670549083,2.8695890477157056,2.869589047815726,1.2374333280320529
0.8510326301550966,,3.3458225319022037,2.8720750201526783,2.872075020252699,1.2374333280320529
0.8510326301550966,,3.3458225319022037,2.8720750201526783,2.872075020252699,1.2374333280320529
0.86,,3.390988755173533,2.8934096076828153,2.8934096077828357,1.2374333280320529
0.8652289381576725,,3.414640961507226,2.9056582173652696,2.90565821746529,1.2374333280320529
0.8652289381576725,,3.414640961507226,2.9056582173652696,2.90565821746529,1.2374333280320529
0.87,,3.4330621667824683,2.9161069747505266,2.916106974850547,1.2386205486234931
0.8750425482674921,,3.4482526318626707,2.9253121241288724,2.925312124228893,1.2432784080391799
0.8750425482674921,,3.4482526318626707,2.9253121241288724,2.925312124228893,1.2432784080391799
0.8757296014068783,,3.4499063305012223,2.926346929314078,2.9263469294140982,1.2443286104809692
0.8757296014068783,,3.4499063305012223,2.926346929314078,2.9263469294140982,1.2443286104809692
0.88,,3.4579207960610647,2.932058489088403,2.9320584891884236,1.252183929399647
0.8816656527306784,,3.4598847359699763,2.9339478833708768,2.933947883470897,1.255869899958011
0.8816656527306784,,3.4598847359699763,2.9339478833708768,2.933947883470897,1.255869899958011
0.8841489252772811,,3.46144370769662,2.936181847057239,2.9361818471572594,1.2624700504393496
0.8841489252772811,,3.46144370769662,2.936181847057239,2.9361818471572594,1.2624700504393496
0.89,,3.4586328638279595,2.939654927318889,2.9396549274189097,1.2813318002810439
0.9,,3.430986542508365,2.939813613552778,2.9398136136527984,1.3242315353447243
0.91,,3.373338827989858,2.932901976098082,2.9329019761981026,1.3801353059676265
0.92,,3.2871938232119886,2.919883580668631,2.9198835807686514,1.447109398960377
0.9214552517385274,,3.27251154402743,2.917504522189325,2.9175045222893456,1.4577292480719573
0.9214552517385274,,3.27251154402743,2.917504522189325,2.9175045222893456,1.4577292480719573
0.9234578825669045,,3.251445127928531,2.9137788591358342,2.9137788592358547,1.4732044228966403
0.9234578825669045,,3.251445127928531,2.9137788591358342,2.9137788592358547,1.4732044228966403
0.93,,3.176877340956468,2.9002846638038267,2.900284663903847,1.5260886340531776
0.9400000000000001,,3.049511282948973,2.87611682613037,2.8761168262303904,1.6130559166565823
0.9500000000000001,,2.9136826849473363,2.8483630754080926,2.848363075508113,1.706032936289542
0.9561895079539717,,2.8295903751524287,2.8295903752524856,2.829590375352506,1.7661852795223738
0.9561895079539717,,2.8295903751524287,2.8295903752524856,2.829590375352506,1.7661852795223738
0.9600000000000001,,2.8048290070051114,2.8048290071051682,2.8048290072051887,1.8037675743411745
0.97,,2.7421782125967793,2.742178212696836,2.7421782127968566,1.9032538195696058
0.98,,2.685699191648262,2.685699191748319,2.6856991918483395,2.0024577645436414
0.99,,2.638476966481776,2.638476966581833,2.6384769666818535,2.099043478384589
1.0,,2.602757942988706,2.602757943088763,2.6027579431887835,2.1906745007631048
