time,stage_id,ambient_temp_C_profile,enable,i_load_A_profile,temp_ref_C,temp_cell_C,pump_cmd,soc,v_term_V
0.0,stage1,25.0,True,40.0,35.0,30.0,0.2,0.85,359.6586
0.01,stage1,25.0,True,40.0,35.0,29.99990769230769,0.198,0.85,359.6586
0.02,stage1,25.0,True,40.0,35.0,29.999815386319526,0.19602,0.85,359.6586
0.03,stage1,25.0,True,40.0,35.0,29.99972308203547,0.1940598,0.85,359.6586
0.04,stage1,25.0,True,40.0,35.0,29.999630779455494,0.19211920200000002,0.85,359.6586
0.05,stage1,25.0,True,40.0,35.0,29.999538478579566,0.19019800998000003,0.85,359.6586
0.06,stage1,25.0,True,40.0,35.0,29.999446179407656,0.18829602988020003,0.85,359.6586
0.07,stage1,25.0,True,40.0,35.0,29.99935388193973,0.18641306958139803,0.85,359.6586
0.08,stage1,25.0,True,40.0,35.0,29.999261586175756,0.18454893888558405,0.85,359.6586
0.09,stage1,25.0,True,40.0,35.0,29.999169292115702,0.1827034494967282,0.85,359.6586
0.1,stage1,25.0,True,40.0,35.0,29.99907699975954,0.1808764150017609,0.85,359.6586
0.11,stage1,25.0,True,40.0,35.0,29.998984709107237,0.1790676508517433,0.85,359.6586
0.12,stage1,25.0,True,40.0,35.0,29.99889242015876,0.17727697434322587,0.85,359.6586
0.13,stage1,25.0,True,40.0,35.0,29.99880013291408,0.1755042045997936,0.85,359.6586
0.14,stage1,25.0,True,40.0,35.0,29.998707847373165,0.17374916255379566,0.85,359.6586
0.15,stage1,25.0,True,40.0,35.0,29.99861556353598,0.1720116709282577,0.85,359.6586
0.16,stage1,25.0,True,40.0,35.0,29.998523281402502,0.17029155421897513,0.85,359.6586
0.17,stage1,25.0,True,40.0,35.0,29.99843100097269,0.16858863867678536,0.85,359.6586
0.18,stage1,25.0,True,40.0,35.0,29.99833872224652,0.16690275229001753,0.85,359.6586
0.19,stage1,25.0,True,40.0,35.0,29.998246445223955,0.16523372476711734,0.85,359.6586
0.2,stage1,25.0,True,40.0,35.0,29.998154169904968,0.16358138751944618,0.85,359.6586
0.21,stage1,25.0,True,40.0,35.0,29.998061896289524,0.16194557364425172,0.85,359.6586
0.22,stage1,25.0,True,40.0,35.0,29.997969624377593,0.1603261179078092,0.85,359.6586
0.23,stage1,25.0,True,40.0,35.0,29.99787735416914,0.15872285672873113,0.85,359.6586
0.24,stage1,25.0,True,40.0,35.0,29.99778508566414,0.15713562816144383,0.85,359.6586
0.25,stage1,25.0,True,40.0,35.0,29.99769281886256,0.15556427187982938,0.85,359.6586
0.26,stage1,25.0,True,40.0,35.0,29.997600553764368,0.15400862916103109,0.85,359.6586
0.27,stage1,25.0,True,40.0,35.0,29.99750829036953,0.15246854286942077,0.85,359.6586
0.28,stage1,25.0,True,40.0,35.0,29.997416028678018,0.15094385744072655,0.85,359.6586
0.29,stage1,25.0,True,40.0,35.0,29.997323768689796,0.1494344188663193,0.85,359.6586
0.3,stage1,25.0,True,40.0,35.0,29.997231510404834,0.1479400746776561,0.85,359.6586
0.31,stage1,25.0,True,40.0,35.0,29.997139253823104,0.14646067393087955,0.85,359.6586
0.32,stage1,25.0,True,40.0,35.0,29.997046998944572,0.14499606719157077,0.85,359.6586
0.33,stage1,25.0,True,40.0,35.0,29.99695474576921,0.14354610651965505,0.85,359.6586
0.34,stage1,25.0,True,40.0,35.0,29.99686249429698,0.1421106454544585,0.85,359.6586
0.35,stage1,25.0,True,40.0,35.0,29.996770244527855,0.14068953899991393,0.85,359.6586
0.36,stage1,25.0,True,40.0,35.0,29.996677996461802,0.1392826436099148,0.85,359.6586
0.37,stage1,25.0,True,40.0,35.0,29.99658575009879,0.13788981717381565,0.85,359.6586
0.38,stage1,25.0,True,40.0,35.0,29.99649350543879,0.13651091900207749,0.85,359.6586
0.39,stage1,25.0,True,40.0,35.0,29.996401262481765,0.1351458098120567,0.85,359.6586
0.4,stage1,25.0,True,40.0,35.0,29.996309021227688,0.13379435171393614,0.85,359.6586
0.41,stage1,25.0,True,40.0,35.0,29.996216781676527,0.13245640819679677,0.85,359.6586
0.42,stage1,25.0,True,40.0,35.0,29.996124543828248,0.1311318441148288,0.85,359.6586
0.43,stage1,25.0,True,40.0,35.0,29.996032307682825,0.12982052567368052,0.85,359.6586
0.44,stage1,25.0,True,40.0,35.0,29.99594007324022,0.12852232041694372,0.85,359.6586
0.45,stage1,25.0,True,40.0,35.0,29.995847840500407,0.1272370972127743,0.85,359.6586
0.46,stage1,25.0,True,40.0,35.0,29.99575560946335,0.12596472624064656,0.85,359.6586
0.47,stage1,25.0,True,40.0,35.0,29.995663380129024,0.1247050789782401,0.85,359.6586
0.48,stage1,25.0,True,40.0,35.0,29.99557115249739,0.12345802818845769,0.85,359.6586
0.49,stage1,25.0,True,40.0,35.0,29.99547892656842,0.12222344790657311,0.85,359.6586
0.5,stage1,25.0,True,40.0,35.0,29.995386702342085,0.12100121342750737,0.85,359.6586
0.51,stage1,25.0,True,40.0,35.0,29.995294479818348,0.1197912012932323,0.85,359.6586
0.52,stage1,25.0,True,40.0,35.0,29.995202258997182,0.11859328928029998,0.85,359.6586
0.53,stage1,25.0,True,40.0,35.0,29.995110039878554,0.11740735638749698,0.85,359.6586
0.54,stage1,25.0,True,40.0,35.0,29.995017822462433,0.11623328282362201,0.85,359.6586
0.55,stage1,25.0,True,40.0,35.0,29.994925606748787,0.1150709499953858,0.85,359.6586
0.56,stage1,25.0,True,40.0,35.0,29.994833392737586,0.11392024049543194,0.85,359.6586
0.57,stage1,25.0,True,40.0,35.0,29.994741180428797,0.11278103809047763,0.85,359.6586
0.58,stage1,25.0,True,40.0,35.0,29.99464896982239,0.11165322770957285,0.85,359.6586
0.59,stage1,25.0,True,40.0,35.0,29.994556760918332,0.11053669543247713,0.85,359.6586
0.6,stage1,25.0,True,40.0,35.0,29.994464553716593,0.10943132847815236,0.85,359.6586
0.61,stage1,25.0,True,40.0,35.0,29.99437234821714,0.10833701519337083,0.85,359.6586
0.62,stage1,25.0,True,40.0,35.0,29.994280144419943,0.10725364504143711,0.85,359.6586
0.63,stage1,25.0,True,40.0,35.0,29.99418794232497,0.10618110859102274,0.85,359.6586
0.64,stage1,25.0,True,40.0,35.0,29.99409574193219,0.10511929750511251,0.85,359.6586
0.65,stage1,25.0,True,40.0,35.0,29.99400354324157,0.10406810453006138,0.85,359.6586
0.66,stage1,25.0,True,40.0,35.0,29.99391134625308,0.10302742348476077,0.85,359.6586
0.67,stage1,25.0,True,40.0,35.0,29.993819150966686,0.10199714924991315,0.85,359.6586
0.68,stage1,25.0,True,40.0,35.0,29.99372695738236,0.10097717775741402,0.85,359.6586
0.69,stage1,25.0,True,40.0,35.0,29.99363476550007,0.09996740597983989,0.85,359.6586
0.7,stage1,25.0,True,40.0,35.0,29.993542575319783,0.09896773192004149,0.85,359.6586
0.71,stage1,25.0,True,40.0,35.0,29.99345038684147,0.09797805460084108,0.85,359.6586
0.72,stage1,25.0,True,40.0,35.0,29.9933582000651,0.09699827405483266,0.85,359.6586
0.73,stage1,25.0,True,40.0,35.0,29.99326601499064,0.09602829131428434,0.85,359.6586
0.74,stage1,25.0,True,40.0,35.0,29.993173831618055,0.09506800840114149,0.85,359.6586
0.75,stage1,25.0,True,40.0,35.0,29.993081649947317,0.09411732831713007,0.85,359.6586
0.76,stage1,25.0,True,40.0,35.0,29.992989469978394,0.09317615503395878,0.85,359.6586
0.77,stage1,25.0,True,40.0,35.0,29.992897291711255,0.0922443934836192,0.85,359.6586
0.78,stage1,25.0,True,40.0,35.0,29.99280511514587,0.091321949548783,0.85,359.6586
0.79,stage1,25.0,True,40.0,35.0,29.992712940282207,0.09040873005329518,0.85,359.6586
0.8,stage1,25.0,True,40.0,35.0,29.992620767120233,0.08950464275276222,0.85,359.6586
0.81,stage1,25.0,True,40.0,35.0,29.992528595659916,0.0886095963252346,0.85,359.6586
0.82,stage1,25.0,True,40.0,35.0,29.99243642590123,0.08772350036198226,0.85,359.6586
0.83,stage1,25.0,True,40.0,35.0,29.992344257844135,0.08684626535836244,0.85,359.6586
0.84,stage1,25.0,True,40.0,35.0,29.992252091488606,0.08597780270477881,0.85,359.6586
0.85,stage1,25.0,True,40.0,35.0,29.99215992683461,0.08511802467773102,0.85,359.6586
0.86,stage1,25.0,True,40.0,35.0,29.992067763882115,0.08426684443095371,0.85,359.6586
0.87,stage1,25.0,True,40.0,35.0,29.99197560263109,0.08342417598664417,0.85,359.6586
0.88,stage1,25.0,True,40.0,35.0,29.991883443081502,0.08258993422677773,0.85,359.6586
0.89,stage1,25.0,True,40.0,35.0,29.991791285233322,0.08176403488450995,0.85,359.6586
0.9,stage1,25.0,True,40.0,35.0,29.99169912908652,0.08094639453566485,0.85,359.6586
0.91,stage1,25.0,True,40.0,35.0,29.99160697464106,0.0801369305903082,0.85,359.6586
0.92,stage1,25.0,True,40.0,35.0,29.99151482189691,0.07933556128440512,0.85,359.6586
0.93,stage1,25.0,True,40.0,35.0,29.991422670854043,0.07854220567156107,0.85,359.6586
0.94,stage1,25.0,True,40.0,35.0,29.991330521512428,0.07775678361484548,0.85,359.6586
0.95,stage1,25.0,True,40.0,35.0,29.99123837387203,0.07697921577869703,0.85,359.6586
0.96,stage1,25.0,True,40.0,35.0,29.99114622793282,0.07620942362091006,0.85,359.6586
0.97,stage1,25.0,True,40.0,35.0,29.991054083694767,0.07544732938470096,0.85,359.6586
0.98,stage1,25.0,True,40.0,35.0,29.99096194115784,0.07469285609085395,0.85,359.6586
0.99,stage1,25.0,True,40.0,35.0,29.990869800322002,0.07394592752994542,0.85,359.6586
1.0,stage1,25.0,True,40.0,35.0,29.990777661187227,0.07320646825464595,0.85,359.6586
