time,outputs[1],outputs[2]
0.0,25.0,20.0
0.01,25.0,20.09982793403981
0.02,25.0,20.199514434366904
0.03,25.0,20.299108505411596
0.04,25.0,20.398579039260426
0.05,25.0,20.497831368980428
0.06,25.0,20.596961370156976
0.07,25.0,20.69596904279001
0.08,25.0,20.794854386879592
0.09,25.0,20.89361740242566
0.1,25.0,20.99225808942822
0.11,25.0,21.090776447887265
0.12,25.0,21.189172477802856
0.13,25.0,21.287432802039234
0.14,25.0,21.38550486576554
0.15,25.0,21.483446590686697
0.16,25.0,21.58125797680276
0.17,25.0,21.67893902411373
0.18,25.0,21.776489732619552
0.19,25.0,21.87391010232028
0.2,25.0,21.971200133215916
0.21,25.0,22.068359825306402
0.22,25.0,22.165389178591795
0.23,25.0,22.262288193072095
0.24,25.0,22.359056868747246
0.25,25.0,22.455695205617303
0.26,25.0,22.552203203682268
0.27,25.0,22.648580862942083
0.28,25.0,22.744828183396805
0.29,25.0,22.840945165046378
0.3,25.0,22.936931807890858
0.31,25.0,23.032788111930245
0.32,25.0,23.12851397783271
0.33,25.0,23.224109458036537
0.34,25.0,23.319574586421368
0.35000000000000003,25.0,23.414909362987373
0.36,25.0,23.51011378773444
0.37,25.0,23.605187860662568
0.38,25.0,23.700131581771814
0.39,25.0,23.794944951062178
0.4,25.0,23.889627968533603
0.41000000000000003,25.0,23.984180634186146
0.41167442776068097,25.0,24.000000054430018
0.41167442776068097,25.0,24.000000054430018
0.42,25.0,24.078533543998162
0.43,25.0,24.172512619406803
0.44,25.0,24.26640556143866
0.45,25.0,24.36021237009362
0.46,25.0,24.453933045371798
0.47000000000000003,25.0,24.54756758727308
0.48,25.0,24.64111599579752
0.49,25.0,24.734578270945065
0.5,25.0,24.827875713706305
0.51,25.0,24.920972906666407
0.52,25.0,25.013956507273917
0.53,25.0,25.106826515528894
0.54,25.0,25.199582931431394
0.55,25.0,25.292225754981303
0.56,25.0,25.384754986178734
0.5700000000000001,25.0,25.477170625023575
0.58,25.0,25.56947267151594
0.59,25.0,25.661661125655712
0.6,25.0,25.753735987443008
0.61,25.0,25.84569725687777
0.62,25.0,25.937521709633188
0.6268150869624223,25.0,26.000000054830025
0.6268150869624223,25.0,26.000000054830025
0.6268152697291408,25.0,25.999999945169975
0.6268152697291408,25.0,25.999999945169975
0.63,25.0,25.998089890335052
0.64,25.0,25.992101421023335
0.65,25.0,25.986117670377723
0.66,25.0,25.98013790719466
0.67,25.0,25.974162131474145
0.68,25.0,25.968201119107277
0.6900000000000001,25.0,25.962247794579525
0.7000000000000001,25.0,25.95629973756928
0.71,25.0,25.950356948076603
0.72,25.0,25.944419426101433
0.73,25.0,25.93848717164377
0.74,25.0,25.932560184703732
0.75,25.0,25.926638465281144
0.76,25.0,25.920722013376178
0.77,25.0,25.91481082898872
0.78,25.0,25.90890491211877
0.79,25.0,25.903004262766387
0.8,25.0,25.897108880931512
0.81,25.0,25.8912187666142
0.8200000000000001,25.0,25.885333919814457
0.8300000000000001,25.0,25.87945434053222
0.84,25.0,25.87358002876755
0.85,25.0,25.867710984520386
0.86,25.0,25.86184720779073
0.87,25.0,25.8559886985787
0.88,25.0,25.850138418117297
0.89,25.0,25.844294422043106
0.9,25.0,25.838456045247767
0.9,25.0,25.838456045247767
0.91,25.0,25.83262328773128
0.92,25.0,25.82679614949359
0.93,25.0,25.820974630534693
0.9400000000000001,25.0,25.81515873085459
0.9500000000000001,25.0,25.809348450453342
0.96,25.0,25.803543789330888
0.97,25.0,25.797744747487286
0.98,25.0,25.791951324922422
0.99,25.0,25.786163521636468
1.0,25.0,25.78038133762925
1.01,25.0,25.774604772900886
1.02,25.0,25.768833827451317
1.03,25.0,25.7630685012806
1.04,25.0,25.75730879438862
1.05,25.0,25.75155470677555
1.06,25.0,25.74580623844122
1.07,25.0,25.74006338938574
1.08,25.0,25.734326511267454
1.09,25.0,25.72859537318527
1.1,25.0,25.722869896155032
1.11,25.0,25.71715008017668
1.12,25.0,25.711435925250157
1.1300000000000001,25.0,25.70572743137552
1.1400000000000001,25.0,25.70002459855283
1.1500000000000001,25.0,25.694327426781967
1.16,25.0,25.688635916062992
1.17,25.0,25.682950066395904
1.18,25.0,25.677269877780702
1.19,25.0,25.671595350217387
1.2,25.0,25.665926483705903
1.21,25.0,25.66026327824636
1.22,25.0,25.65460573383865
1.23,25.0,25.648953850482883
1.24,25.0,25.643307628178945
1.25,25.0,25.637667066926895
1.26,25.0,25.63203216672673
1.27,25.0,25.626402927578454
1.28,25.0,25.62077883810059
1.29,25.0,25.615160234069208
1.3,25.0,25.609547230343367
1.31,25.0,25.60393982692301
1.32,25.0,25.598338023808196
1.33,25.0,25.59274182099881
1.34,25.0,25.587151218494967
1.35,25.0,25.581566216296608
1.36,25.0,25.575986814403734
1.37,25.0,25.570413012816346
1.3800000000000001,25.0,25.5648448115345
1.3900000000000001,25.0,25.559282210558138
1.4000000000000001,25.0,25.55372520988726
1.41,25.0,25.54817380952187
1.42,25.0,25.542628009461964
1.43,25.0,25.5370878097076
1.44,25.0,25.53155321025872
1.45,25.0,25.526024211115327
1.46,25.0,25.52050081227742
1.47,25.0,25.514983013744995
1.48,25.0,25.50947002697069
1.49,25.0,25.503962369719318
1.5,25.0,25.498460219102867
1.51,25.0,25.492963575121337
1.52,25.0,25.48747243777467
1.53,25.0,25.48198680706298
1.54,25.0,25.476506682986155
1.55,25.0,25.471032065544193
1.56,25.0,25.465562954737152
1.57,25.0,25.46009935056503
1.58,25.0,25.45464125302783
1.59,25.0,25.44918866212555
1.6,25.0,25.443741577858134
1.61,25.0,25.438300000225638
1.62,25.0,25.432863929228006
1.6300000000000001,25.0,25.42743336486535
1.6400000000000001,25.0,25.42200830713756
1.6500000000000001,25.0,25.416588756044632
1.6600000000000001,25.0,25.411174711586682
1.67,25.0,25.405766173763595
1.68,25.0,25.40036227323054
1.69,25.0,25.394963580804585
1.7,25.0,25.389570291745144
1.71,25.0,25.38418240605216
1.72,25.0,25.378799923725637
1.73,25.0,25.373422844765628
1.74,25.0,25.368051169172134
1.75,25.0,25.362684896945098
1.76,25.0,25.35732402808452
1.77,25.0,25.351968562590457
1.78,25.0,25.34661850046291
1.79,25.0,25.34127384170182
1.8,25.0,25.33593458630719
1.81,25.0,25.330600734279074
1.82,25.0,25.325272285617473
1.83,25.0,25.31994924032233
1.84,25.0,25.314631598393646
1.85,25.0,25.309319359831477
1.86,25.0,25.304012524635823
1.87,25.0,25.298711092806627
1.8800000000000001,25.0,25.293414179859724
1.8900000000000001,25.0,25.288122366552727
1.9000000000000001,25.0,25.28283585154537
1.9100000000000001,25.0,25.27755463483777
1.92,25.0,25.27227871642981
1.93,25.0,25.267008096321547
1.94,25.0,25.26174277451298
1.95,25.0,25.256482751004057
1.96,25.0,25.25122802579483
1.97,25.0,25.24597859888536
1.98,25.0,25.24073447027547
1.99,25.0,25.235495639965336
2.0,25.0,25.2302621079549
2.0000000004,25.0,25.23026210774566
2.0000000004,25.00000000166667,25.23026210774566
2.0100000000000002,25.04166666666667,25.22503859725674
2.02,25.083333333333336,25.21983173627433
2.0300000000000002,25.125000000000004,25.214634705278854
2.04,25.166666666666668,25.209441126876982
2.05,25.208333333333336,25.204251001068656
2.06,25.25,25.19906432785382
2.07,25.291666666666668,25.193881107232585
2.08,25.333333333333336,25.188701339204897
2.09,25.375,25.183525023770756
2.1,25.41666666666667,25.17835216093016
2.11,25.458333333333336,25.17318275068311
2.12,25.5,25.168016793029608
2.13,25.541666666666668,25.16285428796965
2.14,25.583333333333336,25.157695235503297
2.15,25.625,25.152548584748672
2.16,25.66666666666667,25.14740883108317
2.17,25.708333333333336,25.142273628340888
2.18,25.75,25.137142976521773
2.19,25.791666666666668,25.132016875625936
2.2,25.833333333333336,25.126895325653265
2.21,25.875,25.121778326603817
2.22,25.91666666666667,25.116665878477647
2.23,25.958333333333336,25.111557981274643
2.24,26.000000000000004,25.10645463499486
2.25,26.041666666666668,25.10135583963836
2.2600000000000002,26.083333333333336,25.09626159520502
2.2627649417229736,26.094853923845726,25.094853869415658
2.2627649417229736,26.094853923845726,25.094853869415658
2.262764962951803,26.09485401229918,25.094854066729283
2.262764962951803,26.09485401229918,25.094854066729283
2.27,26.125,25.16200430108472
2.2800000000000002,26.16666666666667,25.25449871467356
2.29,26.208333333333336,25.346771503290597
2.3000000000000003,26.250000000000004,25.4389600061279
2.31,26.29166666666667,25.531064223185524
2.32,26.333333333333336,25.62308415446347
2.33,26.375,25.715019799961738
2.34,26.416666666666668,25.806871159680327
2.35,26.458333333333336,25.898638233619238
2.36,26.5,25.99032102177847
2.37,26.54166666666667,26.081919524158025
2.38,26.583333333333336,26.173401170270097
2.39,26.625,26.26467116937056
2.4,26.666666666666668,26.355830015447566
2.41,26.708333333333336,26.446877708501177
2.42,26.75,26.537814248531333
2.43,26.79166666666667,26.628639635538093
2.44,26.833333333333336,26.719353869521456
2.45,26.875,26.809956950481364
2.46,26.916666666666668,26.900448878417876
2.47,26.958333333333336,26.99082965333099
2.48,27.0,27.08109927522065
2.49,27.04166666666667,27.171200936515334
2.5,27.083333333333336,27.2611687721938
2.5100000000000002,27.125000000000004,27.35101840613038
2.52,27.166666666666668,27.440749838325132
2.5300000000000002,27.208333333333336,27.530363068778
2.54,27.25,27.619858097488986
2.5500000000000003,27.29166666666667,27.709234924458087
2.56,27.333333333333336,27.79849354968536
2.57,27.375,27.88763397317075
2.58,27.41666666666667,27.976656194914256
2.59,27.458333333333336,28.065560214915934
2.6,27.5,28.15434603317567
2.61,27.541666666666668,28.24301364969358
2.62,27.583333333333336,28.331563064469663
2.63,27.625,28.419994277503804
2.64,27.66666666666667,28.508307288796118
2.65,27.708333333333336,28.596502098346548
2.66,27.75,28.68457870615515
2.67,27.791666666666668,28.772537112221812
2.674139875838603,27.808916149327516,28.808916204157526
2.674139875838603,27.808916149327516,28.808916204157526
2.6741398975639603,27.808916239849836,28.808916185019825
2.6741398975639603,27.808916239849836,28.808916185019825
2.68,27.833333333333336,28.80375886718963
2.69,27.875,28.794977176100247
2.7,27.91666666666667,28.78621030483015
2.71,27.958333333333336,28.77744926455523
2.72,28.000000000000004,28.768694055275432
2.73,28.041666666666668,28.759944676990926
2.74,28.083333333333336,28.751201129701542
2.75,28.125,28.742463413407336
2.7600000000000002,28.16666666666667,28.733731528108365
2.77,28.208333333333336,28.725005473804572
2.7800000000000002,28.250000000000004,28.716291968083112
2.79,28.29166666666667,28.707597785652695
2.8000000000000003,28.333333333333336,28.69891129610545
2.81,28.375,28.690232499441436
2.82,28.416666666666668,28.68156139566065
2.83,28.458333333333336,28.67289798476304
2.84,28.5,28.66424226674866
2.85,28.54166666666667,28.65559424161745
2.86,28.583333333333336,28.646953909369472
2.87,28.625,28.638321270004724
2.88,28.666666666666668,28.62969632352315
2.89,28.708333333333336,28.621079069924804
2.9,28.75,28.61246950920963
2.91,28.79166666666667,28.60386764137769
2.92,28.833333333333336,28.59527346642892
2.93,28.875000000000004,28.586686984363382
2.94,28.916666666666668,28.578108195181017
2.95,28.958333333333336,28.56953709888188
2.96,29.0,28.560973695465975
2.97,29.04166666666667,28.552417984933243
2.98,29.083333333333336,28.54387181181255
2.99,29.125000000000004,28.535337036317173
3.0,29.166666666666668,28.526810464946095
3.0100000000000002,29.208333333333336,28.518292097699202
3.02,29.25,28.509781934576495
3.0300000000000002,29.29166666666667,28.501279975578086
3.04,29.333333333333336,28.492786220703863
3.0500000000000003,29.375000000000004,28.484300669953825
3.06,29.41666666666667,28.47582332332803
3.0700000000000003,29.458333333333336,28.467354180826476
3.071799466898722,29.46583111207801,28.465831057647847
3.071799466898722,29.46583111207801,28.465831057647847
3.0717994902322223,29.46583120930093,28.46583126373099
3.0717994902322223,29.46583120930093,28.46583126373099
3.08,29.5,28.53813627724537
3.09,29.541666666666668,28.62600860580767
3.1,29.583333333333336,28.713602424905275
3.11,29.625,28.801116872917305
3.12,29.66666666666667,28.88855194984376
3.13,29.708333333333336,28.97590765568458
3.14,29.75,29.063183990439768
3.15,29.791666666666668,29.15038095410938
3.16,29.833333333333336,29.237498546693416
3.17,29.875,29.324536768191876
3.18,29.91666666666667,29.411495618604647
3.19,29.958333333333336,29.4983750979319
3.2,30.000000000000004,29.585175206173517
3.21,30.041666666666668,29.671865917063542
3.22,30.083333333333336,29.758334371653802
3.23,30.125,29.8446983426187
3.24,30.16666666666667,29.930957829958174
3.25,30.208333333333336,30.017112833672343
3.2600000000000002,30.250000000000004,30.10316335376109
3.27,30.29166666666667,30.189109390224473
3.2800000000000002,30.333333333333336,30.274950943062493
3.29,30.375,30.360688012275148
3.3000000000000003,30.41666666666667,30.44632059786244
3.31,30.458333333333336,30.531848699824366
3.3200000000000003,30.500000000000004,30.61727231816087
3.33,30.54166666666667,30.70259145287207
3.34,30.583333333333336,30.787752024549093
3.35,30.625,30.872788681027544
3.36,30.666666666666668,30.95771434808387
3.37,30.708333333333336,31.04252902571818
3.38,30.75,31.127232713930482
3.39,30.79166666666667,31.211825412720657
3.4,30.833333333333336,31.29630712208882
3.41,30.875000000000004,31.380677842034913
3.42,30.916666666666668,31.464937572558995
3.43,30.958333333333336,31.549086313661007
3.44,31.0,31.63312406534095
3.45,31.04166666666667,31.717050827598882
3.46,31.083333333333336,31.800866600434688
3.47,31.125000000000004,31.88457138384848
3.48,31.16666666666667,31.968165177840262
3.49,31.208333333333336,32.05164798240992
3.5,31.25,32.13501979755756
3.5100000000000002,31.29166666666667,32.21828062328319
3.52,31.333333333333336,32.3014304595867
3.5277088340073033,31.365453475030435,32.365453529860474
3.5277088340073033,31.365453475030435,32.365453529860474
3.5277088543026878,31.365453559594535,32.36545350476433
3.5277088543026878,31.365453559594535,32.36545350476433
3.5300000000000002,31.375000000000004,32.36262179440644
3.54,31.41666666666667,32.3502795561875
3.5500000000000003,31.458333333333336,32.337950578324694
3.56,31.5,32.32562981306245
3.5700000000000003,31.54166666666667,32.31331726040082
3.58,31.583333333333336,32.301012920339815
3.59,31.625,32.28873898260713
3.6,31.66666666666667,32.276480859210096
3.61,31.708333333333336,32.26423358258694
3.62,31.750000000000004,32.25199715273777
3.63,31.791666666666668,32.23977156966254
3.64,31.833333333333336,32.22755683336129
3.65,31.875,32.21535294383398
3.66,31.91666666666667,32.203159901080596
3.67,31.958333333333336,32.19097770510115
3.68,32.0,32.17880635589563
3.69,32.04166666666667,32.166645853464104
3.7,32.083333333333336,32.15449619780651
3.71,32.125,32.142357388922846
3.72,32.16666666666667,32.130229426813116
3.73,32.208333333333336,32.118112311477375
3.74,32.25,32.10600604291557
3.75,32.29166666666667,32.09391062112769
3.7600000000000002,32.333333333333336,32.08182604611375
3.77,32.375,32.06975231787379
3.7800000000000002,32.41666666666667,32.05768943640777
3.79,32.458333333333336,32.04564349871873
3.8000000000000003,32.5,32.0336104965088
3.81,32.54166666666667,32.021589064856585
3.8200000000000003,32.583333333333336,32.009579203761916
3.83,32.625,31.99758091322491
3.84,32.66666666666667,31.985594193245504
3.85,32.708333333333336,31.97361904382376
3.86,32.75,31.96165546495962
3.87,32.79166666666667,31.949703456653083
3.88,32.833333333333336,31.937763018904207
3.89,32.875,31.925834151712877
3.8994867795023005,32.914528247926256,31.914528193495983
3.8994867795023005,32.914528247926256,31.914528193495983
3.899486805449374,32.91452835603906,31.914528410469245
3.899486805449374,32.91452835603906,31.914528410469245
3.9,32.91666666666667,31.918818861829436
3.91,32.958333333333336,32.00233686459569
3.92,33.0,32.08574914560006
3.93,33.04166666666667,32.16899669621603
3.94,33.083333333333336,32.25214404778268
3.95,33.125,32.33519120030007
3.96,33.16666666666667,32.41813815376827
3.97,33.208333333333336,32.50098490818715
3.98,33.25,32.58373146355672
3.99,33.29166666666667,32.666377819877084
4.0,33.333333333333336,32.74888674711599
4.01,33.375,32.83126229944958
4.0200000000000005,33.41666666666667,32.91353090569669
4.03,33.458333333333336,32.995692565857325
4.04,33.5,33.07774727993143
4.05,33.54166666666667,33.159695047919115
4.0600000000000005,33.58333333333334,33.241535869820325
4.07,33.625,33.32326974563506
4.08,33.66666666666667,33.40489667536332
4.09,33.708333333333336,33.4864166590051
4.1,33.75,33.56782969656041
4.11,33.79166666666667,33.64913578802924
4.12,33.833333333333336,33.7303349334116
4.13,33.875,33.811427132707536
4.14,33.91666666666667,33.89241238591694
4.15,33.958333333333336,33.97329069303987
4.16,34.0,34.05406205407638
4.17,34.04166666666667,34.13472646902636
4.18,34.083333333333336,34.21528393788992
4.19,34.125,34.29573307393258
4.2,34.16666666666667,34.37607486512235
4.21,34.208333333333336,34.45630955284929
4.22,34.25,34.53643713711341
4.23,34.29166666666667,34.61645761791476
4.24,34.333333333333336,34.69637099525329
4.25,34.375,34.77617726912905
4.26,34.41666666666667,34.85587643954199
4.2700000000000005,34.45833333333334,34.9354685064921
4.28,34.5,35.01495346997939
4.29,34.54166666666667,35.094331330003854
4.3,34.583333333333336,35.17360208656555
4.3100000000000005,34.625,35.25276573966448
4.32,34.66666666666667,35.33182228930053
4.33,34.708333333333336,35.410771735473816
4.34,34.75,35.489614078184275
4.3500000000000005,34.79166666666667,35.56834931743191
4.36,34.833333333333336,35.64697745321678
4.37,34.875,35.725498485538765
4.38,34.91666666666667,35.80391241439804
4.39,34.958333333333336,35.88223660471277
4.4,35.0,35.96045868498419
4.41,35.04166666666667,36.03857563248533
4.410849357789796,35.04520565745749,36.0452057122875
4.410849357789796,35.04520565745749,36.0452057122875
4.410849376791136,35.04520573662974,36.04520568179947
4.410849376791136,35.04520573662974,36.04520568179947
4.42,35.083333333333336,36.03054490472482
4.43,35.125,36.01455878714404
4.44,35.16666666666667,35.99862501360229
4.45,35.208333333333336,35.98270181730959
4.46,35.25,35.96678919826587
4.47,35.29166666666667,35.95088715647108
4.48,35.33333333333334,35.93499569192528
4.49,35.375,35.91911480462841
4.5,35.41666666666667,35.903244494580576
4.51,35.458333333333336,35.887384761781675
4.5200000000000005,35.5,35.87153560623176
4.53,35.54166666666667,35.85569702793083
4.54,35.583333333333336,35.83986902687883
4.55,35.625,35.824051603075816
4.5600000000000005,35.66666666666667,35.80824475652179
4.57,35.708333333333336,35.792448487216745
4.58,35.75,35.77668779665407
4.59,35.79166666666667,35.76095035996502
4.6000000000000005,35.83333333333334,35.74522685906618
4.61,35.875,35.72951729395754
4.62,35.91666666666667,35.71382166463911
4.63,35.958333333333336,35.69813997111095
4.64,36.0,35.68247221337293
4.65,36.04166666666667,35.666818391425124
4.66,36.083333333333336,35.651178505267524
4.67,36.125,35.63555255490013
4.68,36.16666666666667,35.619940540323
4.69,36.20833333333334,35.60434246153602
4.7,36.25,35.58875831853925
4.71,36.29166666666667,35.57318811133274
4.72,36.333333333333336,35.55763183991638
4.73,36.375,35.54208950429023
4.74,36.41666666666667,35.526561104454345
4.75,36.458333333333336,35.51104664040861
4.75922082340383,36.496753430849296,35.496753376418724
4.75922082340383,36.496753430849296,35.496753376418724
4.759220852740457,36.49675355308524,35.4967536075153
4.759220852740457,36.49675355308524,35.4967536075153
4.76,36.5,35.5028893118681
4.7700000000000005,36.54166666666667,35.58154301012769
4.78,36.583333333333336,35.660113728512385
4.79,36.625,35.73856254556341
4.8,36.66666666666667,35.81686761492239
4.8100000000000005,36.70833333333334,35.89507910951255
4.82,36.75,35.973197029334074
4.83,36.79166666666667,36.051221374386785
4.84,36.833333333333336,36.129152144670854
4.8500000000000005,36.875,36.20698934018617
4.86,36.91666666666667,36.28473296093273
4.87,36.958333333333336,36.362383006910534
4.88,37.0,36.439902015684936
4.89,37.04166666666667,36.51729639382205
4.9,37.083333333333336,36.59459101821699
4.91,37.125,36.67178588886975
4.92,37.16666666666667,36.74888100578039
4.93,37.208333333333336,36.825876368948855
4.94,37.25,36.9027719783752
4.95,37.29166666666667,36.97956783405931
4.96,37.333333333333336,37.05626393600136
4.97,37.375,37.13286028420117
4.98,37.41666666666667,37.209356878658866
4.99,37.458333333333336,37.28575371937444
5.0,37.5,37.36205080634778
5.01,37.54166666666667,37.438248139579
5.0200000000000005,37.58333333333334,37.5143457190681
5.03,37.625,37.59034354481503
5.04,37.66666666666667,37.666241616819775
5.05,37.708333333333336,37.7420399350824
5.0600000000000005,37.75,37.817738499602854
5.07,37.79166666666667,37.89333731038113
5.08,37.833333333333336,37.96883586490304
5.09,37.875,38.044234249105045
5.1000000000000005,37.91666666666667,38.119532796681256
5.11,37.958333333333336,38.19473150763173
5.12,38.0,38.26983038195641
5.13,38.04166666666667,38.3448294196553
5.14,38.083333333333336,38.41972862072845
5.15,38.125,38.49452798517581
5.16,38.16666666666667,38.56922751299737
5.17,38.208333333333336,38.6438272041932
5.18,38.25,38.718327058763236
5.19,38.29166666666667,38.792727076707536
5.2,38.333333333333336,38.867027258025985
5.21,38.375,38.9412276027187
5.22,38.41666666666667,39.015328110785674
5.23,38.45833333333334,39.08932878222686
5.24,38.5,39.16322961704225
5.25,38.54166666666667,39.237030615231845
5.26,38.583333333333336,39.310731776795706
5.2700000000000005,38.625,39.38433310173377
5.28,38.66666666666667,39.457846100704444
5.29,38.708333333333336,39.531268805234674
5.3,38.75,39.60459357168236
5.3100000000000005,38.79166666666667,39.67782040004755
5.32,38.833333333333336,39.75094929033014
5.33,38.875,39.82398024253024
5.34,38.91666666666667,39.89691325664779
5.346334007551238,38.943058364796826,39.94305841962682
5.346334007551238,38.943058364796826,39.94305841962682
5.3463340253503775,38.94305843895991,39.94305838412987
5.3463340253503775,38.94305843895991,39.94305838412987
5.3500000000000005,38.95833333333334,39.93575299062513
5.36,39.0,39.9158579845427
5.37,39.04166666666667,39.895996209077964
5.38,39.083333333333336,39.87614765012893
5.39,39.125,39.85631230769559
5.4,39.16666666666667,39.836490181778004
5.41,39.208333333333336,39.816681272376115
5.42,39.25,39.79688557948998
5.43,39.29166666666667,39.77710310311954
5.44,39.33333333333334,39.757369551250974
5.45,39.375,39.73766132057182
5.46,39.41666666666667,39.71797053318505
5.47,39.458333333333336,39.69829718909057
5.48,39.5,39.678641288288475
5.49,39.54166666666667,39.65900283077872
5.5,39.583333333333336,39.6393818165613
5.51,39.625,39.61977824563621
5.5200000000000005,39.66666666666667,39.600192118003406
5.53,39.708333333333336,39.58062343366299
5.54,39.75,39.561072192614915
5.55,39.79166666666667,39.54153839485923
5.5600000000000005,39.83333333333334,39.522022040395825
5.57,39.875,39.502523129224755
5.58,39.91666666666667,39.48304166134602
5.59,39.958333333333336,39.46357763675968
5.6000000000000005,40.0,39.44413105546562
5.61,40.04166666666667,39.42470191746395
5.62,40.083333333333336,39.40529022275456
5.63,40.125,39.38589597133756
5.64,40.16666666666667,39.366528970291654
5.65,40.20833333333334,39.34718273704624
5.66,40.25,39.32785510796316
5.67,40.29166666666667,39.30854608304247
5.672768768832855,40.30320320347023,39.30320314903946
5.672768768832855,40.30320320347023,39.30320314903946
5.672768802859534,40.303203345248065,39.30320339967807
5.672768802859534,40.303203345248065,39.30320339967807
5.68,40.333333333333336,39.356374472891844
5.69,40.375,39.42972499153302
5.7,40.41666666666667,39.502770433402816
5.71,40.458333333333336,39.57575107208601
5.72,40.5,39.64866690758254
5.73,40.54166666666667,39.721517939892465
5.74,40.583333333333336,39.79430416901573
5.75,40.625,39.86702559495234
5.76,40.66666666666667,39.93968221770234
5.7700000000000005,40.70833333333334,40.01227403726574
5.78,40.75,40.08480105364242
5.79,40.79166666666667,40.15726326683256
5.8,40.833333333333336,40.22966067683603
5.8100000000000005,40.875,40.30199328365285
5.82,40.91666666666667,40.3742240346707
5.83,40.958333333333336,40.44627662681097
5.84,41.0,40.51824392238814
5.8500000000000005,41.04166666666667,40.59012592140209
5.86,41.08333333333334,40.661922623852945
5.87,41.125,40.73363402974053
5.88,41.16666666666667,40.80526013906501
5.89,41.208333333333336,40.87680095182628
5.9,41.25,40.948256468024454
5.91,41.29166666666667,41.019626687659354
5.92,41.333333333333336,41.090911610731155
5.93,41.375,41.16211123723974
5.94,41.41666666666667,41.23322556718523
5.95,41.458333333333336,41.30424759040852
5.96,41.5,41.37513450417339
5.97,41.54166666666667,41.44593077598688
5.98,41.58333333333334,41.516636405849056
5.99,41.625,41.587251393759914
6.0,41.66666666666667,41.6577757397194
6.01,41.708333333333336,41.728209443727565
6.0200000000000005,41.75,41.79855250578436
6.03,41.79166666666667,41.86880492588983
6.04,41.833333333333336,41.93896670404399
6.05,41.875,42.009037840246776
6.0600000000000005,41.91666666666667,42.0790183344983
6.07,41.95833333333334,42.148908186798394
6.08,42.0,42.21870739714723
6.09,42.04166666666667,42.28841596554463
6.1000000000000005,42.08333333333334,42.35803389199077
6.11,42.125,42.42756117648554
6.12,42.16666666666667,42.49699781902899
6.13,42.208333333333336,42.566343819621125
6.140000000000001,42.25000000000001,42.635599178261884
6.15,42.29166666666667,42.70476386611563
6.16,42.333333333333336,42.77383770711691
6.17,42.375,42.84282088417905
6.18,42.41666666666667,42.91171339730204
6.19,42.45833333333334,42.980515246485936
6.2,42.5,43.04922643173069
6.21,42.54166666666667,43.11784695303629
6.22,42.583333333333336,43.18637681040275
6.23,42.625,43.25481600383006
6.24,42.66666666666667,43.32316453331828
6.25,42.708333333333336,43.39142239886729
6.26,42.75,43.459589600477216
6.2700000000000005,42.79166666666667,43.52766613814799
6.28,42.833333333333336,43.59565201187962
6.29,42.875,43.66354722167216
6.3,42.91666666666667,43.731351767525496
6.3100000000000005,42.95833333333334,43.79906564943974
6.32,43.0,43.86668886741484
6.33,43.04166666666667,43.934221421450786
6.34,43.083333333333336,44.00166331154759
6.3500000000000005,43.125,44.06901677932541
6.36,43.16666666666667,44.13629551170328
6.37,43.208333333333336,44.203485289422815
6.371903442016346,43.21626434173478,44.21626439656478
6.371903442016346,43.21626434173478,44.21626439656478
6.371903458661023,43.21626441108759,44.21626435625757
6.371903458661023,43.21626441108759,44.21626435625757
6.38,43.25,44.19668638178996
6.390000000000001,43.29166666666667,44.17254625515545
6.4,43.33333333333334,44.148496482748385
6.41,43.375,44.12446267408518
6.42,43.41666666666667,44.10044482916578
6.43,43.458333333333336,44.076442947990245
6.44,43.5,44.05245703055857
6.45,43.54166666666667,44.028487076870704
6.46,43.583333333333336,44.0045330869267
6.47,43.625,43.98059506072656
6.48,43.66666666666667,43.95667299827022
6.49,43.708333333333336,43.93276689955775
6.5,43.75,43.90887676458908
6.51,43.79166666666667,43.88500259336428
6.5200000000000005,43.83333333333334,43.861144385883335
6.53,43.875,43.8373021421462
6.54,43.91666666666667,43.81350792451957
6.55,43.958333333333336,43.78975394240365
6.5600000000000005,44.0,43.76602099292211
6.57,44.04166666666667,43.74230907607506
6.58,44.083333333333336,43.71861819186245
6.59,44.125,43.69494834028427
6.6000000000000005,44.16666666666667,43.67129952134053
6.61,44.20833333333334,43.647671735031224
6.62,44.25,43.624064981356355
6.63,44.29166666666667,43.60047926031592
6.640000000000001,44.33333333333334,43.576914571909924
6.65,44.375,43.55337091613842
6.66,44.41666666666667,43.529848293001294
6.67,44.458333333333336,43.50634670249866
6.6773696746696665,44.48904031112362,43.4890402566931
6.6773696746696665,44.48904031112362,43.4890402566931
6.677369715889637,44.48904048287349,43.48904053730354
6.677369715889637,44.48904048287349,43.48904053730354
6.68,44.5,43.50693131433775
6.69,44.54166666666667,43.574818753687964
6.7,44.583333333333336,43.64257806014825
6.71,44.625,43.71027747964661
6.72,44.66666666666667,43.77791701218291
6.73,44.70833333333334,43.84549665775734
6.74,44.75,43.913016416369715
6.75,44.79166666666667,43.980448883133874
6.76,44.833333333333336,44.04770876623576
6.7700000000000005,44.875,44.11488961283112
6.78,44.91666666666667,44.18199142292002
6.79,44.958333333333336,44.2490141965024
6.8,45.0,44.31595793357826
6.8100000000000005,45.04166666666667,44.38282263414766
6.82,45.08333333333334,44.449608298210535
6.83,45.125,44.51631492576695
6.84,45.16666666666667,44.58294251681684
6.8500000000000005,45.20833333333334,44.64949107136022
6.86,45.25,44.71596058939713
6.87,45.29166666666667,44.78235107092752
6.88,45.333333333333336,44.84866213846283
6.890000000000001,45.37500000000001,44.91484176554235
6.9,45.41666666666667,44.98093733290557
6.91,45.458333333333336,45.04694884055243
6.92,45.5,45.11287628848294
6.93,45.54166666666667,45.17871967669714
6.94,45.58333333333334,45.244479005195046
6.95,45.625,45.31015427397659
6.96,45.66666666666667,45.37574548304184
6.97,45.708333333333336,45.44125263239073
6.98,45.75,45.50667572202332
6.99,45.79166666666667,45.57201475193955
7.0,45.833333333333336,45.63726972213948
7.01,45.875,45.70244063262311
7.0200000000000005,45.91666666666667,45.76752748339038
7.03,45.95833333333334,45.8325302744413
7.04,46.0,45.89744900577591
7.05,46.04166666666667,45.962283677394225
7.0600000000000005,46.08333333333334,46.02703428929618
7.07,46.125,46.09170084148184
7.08,46.16666666666667,46.15628332914889
7.09,46.208333333333336,46.22078109044406
7.1000000000000005,46.25000000000001,46.2851947281203
7.11,46.29166666666667,46.34952424217755
7.12,46.333333333333336,46.41376963261587
7.13,46.375,46.477930899435194
7.140000000000001,46.41666666666667,46.54200804263553
7.15,46.45833333333334,46.60600106221693
7.16,46.5,46.669909958179346
7.17,46.54166666666667,46.733734730522826
7.18,46.583333333333336,46.79747537924726
7.19,46.625,46.86113190435282
7.2,46.66666666666667,46.92470430583933
7.21,46.708333333333336,46.988192583706905
7.22,46.75,47.05159673795549
7.23,46.79166666666667,47.11491676858515
7.24,46.83333333333334,47.17815267559581
7.25,46.875,47.241304458987486
7.26,46.91666666666667,47.30437211876023
7.2700000000000005,46.95833333333334,47.36735565491398
7.28,47.0,47.43025518401532
7.29,47.04166666666667,47.49308677156887
7.3,47.083333333333336,47.55583578664499
7.3100000000000005,47.12500000000001,47.618502229243575
7.32,47.16666666666667,47.68108609936468
7.33,47.208333333333336,47.7435873970083
7.34,47.25,47.80600612217438
7.3500000000000005,47.29166666666667,47.86834227486298
7.36,47.33333333333334,47.93059585507416
7.37,47.375,47.99276686280774
7.38,47.41666666666667,48.0548552980639
7.390000000000001,47.45833333333334,48.11686116084252
7.4,47.5,48.17878445114371
7.41,47.54166666666667,48.24062516896737
7.42,47.583333333333336,48.30238331431349
7.43,47.625,48.36405888718218
7.44,47.66666666666667,48.42565188757334
7.45,47.708333333333336,48.48716231548701
7.46,47.75,48.548590170923205
7.47,47.79166666666667,48.60993545388186
7.48,47.83333333333334,48.671198317884944
7.49,47.875,48.732399921706474
7.5,47.91666666666667,48.793520995952576
7.51,47.958333333333336,48.85456154062325
7.5200000000000005,48.00000000000001,48.91552155571844
7.53,48.04166666666667,48.976401041238205
7.54,48.083333333333336,49.03719999718248
7.55,48.125,49.097918423551334
7.5600000000000005,48.16666666666667,49.15855632034476
7.564288109374427,48.18453378906011,49.18453384389028
7.564288109374427,48.18453378906011,49.18453384389028
7.56428812485207,48.18453385355029,49.184533798719485
7.56428812485207,48.18453385355029,49.184533798719485
7.57,48.20833333333334,49.16788365092094
7.58,48.25,49.138779323947915
7.59,48.29166666666667,49.10976043784018
7.6000000000000005,48.33333333333334,49.080760833049
7.61,48.375,49.05178050957443
7.62,48.41666666666667,49.02281946741641
7.63,48.458333333333336,48.99387770657495
7.640000000000001,48.50000000000001,48.9649552270501
7.65,48.54166666666667,48.9360520288418
7.66,48.583333333333336,48.90716811195006
7.67,48.625,48.87830347637487
7.68,48.66666666666667,48.84945812211629
7.69,48.70833333333334,48.82063204917432
7.7,48.75,48.791860573622444
7.71,48.79166666666667,48.76314097578404
7.72,48.83333333333334,48.734446799925706
7.73,48.875,48.70577804604733
7.74,48.91666666666667,48.67713471414896
7.75,48.95833333333334,48.64851680423055
7.76,49.0,48.619924316292156
7.7700000000000005,49.04166666666667,48.59135725033377
7.78,49.08333333333334,48.56281560635534
7.79,49.125,48.53429938435693
7.8,49.16666666666667,48.50580858433847
7.8100000000000005,49.20833333333334,48.47734320630002
7.82,49.25,48.448903250241585
7.83,49.29166666666667,48.420488716163106
7.84,49.33333333333334,48.39209960406464
7.848391305141969,49.36829710475821,48.36829705032818
7.848391305141969,49.36829710475821,48.36829705032818
7.848391359698104,49.36829733207543,48.368297386505446
7.848391359698104,49.36829733207543,48.368297386505446
7.8500000000000005,49.375,48.37820387612345
7.86,49.41666666666667,48.439686785458605
7.87,49.45833333333334,48.501080907555604
7.88,49.5,48.562421170475375
7.890000000000001,49.54166666666667,48.62370757421803
7.9,49.58333333333334,48.684931020688055
7.91,49.625,48.74599285860154
7.92,49.66666666666667,48.80698351894779
7.930000000000001,49.70833333333334,48.8679030017268
7.94,49.75,48.928751306938466
7.95,49.79166666666667,48.989528434582894
7.96,49.83333333333334,49.05023438466003
7.97,49.875,49.11086915716987
7.98,49.91666666666667,49.17143275211248
7.99,49.95833333333334,49.231925169487795
8.0,50.0,49.29234640929582
8.0000000016,50.00000000666667,49.29234641895755
8.0000000016,50.0,49.29234641895755
8.01,50.0,49.352605582151
8.02,50.0,49.412781464683974
8.03,50.0,49.472531230009054
8.040000000000001,50.0,49.5322290367846
8.05,50.0,49.59187488501061
8.06,50.0,49.65146877468709
8.07,50.0,49.71101070581403
8.08,50.0,49.770500678391386
8.09,50.0,49.82993869241926
8.1,50.0,49.889324747897604
8.11,50.0,49.948658844826355
8.120000000000001,50.0,50.00794098320563
8.13,50.0,50.06717116303537
8.14,50.0,50.12634938431552
8.15,50.0,50.18547564704619
8.16,50.0,50.24454995122727
8.17,50.0,50.30357229685882
8.18,50.0,50.36254268394089
8.19,50.0,50.42146111247337
8.2,50.0,50.48032758245631
8.21,50.0,50.53900062037718
8.22,50.0,50.59759300860787
8.23,50.0,50.65611729996783
8.24,50.0,50.71457349445711
8.25,50.0,50.77296159207566
8.26,50.0,50.83128159282353
8.27,50.0,50.889533496700665
8.28,50.0,50.94771730370712
8.288995790498216,50.0,51.000000054830025
8.288995790498216,50.0,51.000000054830025
8.288995825872508,50.0,50.99999994516975
8.288995825872508,50.0,50.99999994516975
8.290000000000001,50.0,50.996888027619605
8.3,50.0,50.96593048877037
8.31,50.0,50.93500075380308
8.32,50.0,50.90409163356304
8.33,50.0,50.87322860420386
8.34,50.0,50.84241803691765
8.35,50.0,50.81163476127978
8.36,50.0,50.780878777290184
8.370000000000001,50.0,50.750150084948984
8.38,50.0,50.71944868425612
8.39,50.0,50.688774575211596
8.4,50.0,50.65812775781541
8.41,50.0,50.627508232067555
8.42,50.0,50.59691599796804
8.43,50.0,50.56635105551692
8.44,50.0,50.53581340471408
8.45,50.0,50.50530304555957
8.46,50.0,50.474819978053404
8.47,50.0,50.44436420219557
8.48,50.0,50.41394123105454
8.49,50.0,50.38356032582311
8.5,50.0,50.353208592609235
8.51,50.0,50.32288603141279
8.52,50.0,50.29259264223384
8.53,50.0,50.26232842507244
8.540000000000001,50.0,50.23209337992853
8.55,50.0,50.20188750680205
8.56,50.0,50.171710805693124
8.57,50.0,50.14156327660169
8.58,50.0,50.11144491952774
8.59,50.0,50.081355734471344
8.6,50.0,50.05129572143238
8.61,50.0,50.02126488041091
8.620000000000001,50.0,49.99126321140699
8.63,50.0,49.96129071442056
8.64,50.0,49.93134738945156
8.65,50.0,49.90143323650011
8.66,50.0,49.871548255566154
8.67,50.0,49.84169244664969
8.68,50.0,49.81186649786986
8.69,50.0,49.78207156517169
8.700000000000001,50.0,49.75230603919118
8.71,50.0,49.72256991992833
8.72,50.0,49.692863207383084
8.73,50.0,49.66318590155555
8.74,50.0,49.63353800244562
8.75,50.0,49.603919510053345
8.76,50.0,49.57433042437873
8.77,50.0,49.54477074542177
8.78,50.0,49.51524047318247
8.790000000000001,50.0,49.485739607660776
8.8,50.0,49.45626814885679
8.81,50.0,49.42682609677041
8.82,50.0,49.39741345140169
8.83,50.0,49.368030212750625
8.84,50.0,49.33867638081722
8.85,50.0,49.30935195560147
8.86,50.0,49.28005693710338
8.870000000000001,50.0,49.25079132532289
8.88,50.0,49.221554212170645
8.89,50.0,49.19234407218187
8.9,50.0,49.16316302918426
8.91,50.0,49.134011083177825
8.92,50.0,49.1048882341625
8.93,50.0,49.075794482138406
8.94,50.0,49.04672982710542
8.950000000000001,50.0,49.017694269063554
8.95609893845244,50.0,48.999999945569755
8.95609893845244,50.0,48.999999945569755
8.956098956360554,50.0,49.000000054430586
8.956098956360554,50.0,49.000000054430586
8.96,50.0,49.023685051594214
8.97,50.0,49.08428053566132
8.98,50.0,49.14469940017926
8.99,50.0,49.20506545141711
9.0,50.0,49.26537868937493
9.01,50.0,49.325639114052706
9.02,50.0,49.38584672545045
9.03,50.0,49.4460015235681
9.040000000000001,50.0,49.506103508405715
9.05,50.0,49.566152679963295
9.06,50.0,49.626123317310146
9.07,50.0,49.685924211165855
9.08,50.0,49.74565555933583
9.09,50.0,49.80531736182013
9.1,50.0,49.8649096186187
9.11,50.0,49.92443232973159
9.120000000000001,50.0,49.9838854951588
9.13,50.0,50.04326911490028
9.14,50.0,50.10258318895603
9.15,50.0,50.161827717326105
9.16,50.0,50.2210027000105
9.17,50.0,50.280108137009165
9.18,50.0,50.339144028322096
9.19,50.0,50.39811037394935
9.200000000000001,50.0,50.45700717389093
9.21,50.0,50.515834428146775
9.22,50.0,50.5745713473014
9.23,50.0,50.633217420857136
9.24,50.0,50.69179013309548
9.25,50.0,50.75028948401655
9.26,50.0,50.808715473620225
9.27,50.0,50.867068101906625
9.28,50.0,50.925347368875634
9.290000000000001,50.0,50.98355327452731
9.292827906625444,50.0,51.000000054830025
9.292827906625444,50.0,51.000000054830025
9.29282794199979,50.0,50.99999994516958
9.29282794199979,50.0,50.99999994516958
9.3,50.0,50.97779935701391
9.31,50.0,50.94688188054681
9.32,50.0,50.91609366119235
9.33,50.0,50.88532587677662
9.34,50.0,50.854578527299566
9.35,50.0,50.8238516127613
9.36,50.0,50.793145133161715
9.370000000000001,50.0,50.76245908850086
9.38,50.0,50.7317934787788
9.39,50.0,50.70114830399541
9.4,50.0,50.670523564150756
9.41,50.0,50.63991925924478
9.42,50.0,50.60933538927759
9.43,50.0,50.578771954249135
9.44,50.0,50.548228954159356
9.450000000000001,50.0,50.51770638900831
9.46,50.0,50.487235339238225
9.47,50.0,50.456824807900034
9.48,50.0,50.4264411997832
9.49,50.0,50.396084514887605
9.5,50.0,50.36575475321325
9.51,50.0,50.335451914760256
9.52,50.0,50.3051759995285
9.53,50.0,50.274927007518045
9.540000000000001,50.0,50.24470493872889
9.55,50.0,50.21450979316097
9.56,50.0,50.18434157081441
9.57,50.0,50.15420027168909
9.58,50.0,50.124085895785015
9.59,50.0,50.09399844310229
9.6,50.0,50.063937913640814
9.61,50.0,50.03390430740063
9.620000000000001,50.0,50.00389762438175
9.63,50.0,49.97391786458411
9.64,50.0,49.94396502800777
9.65,50.0,49.914039114652724
9.66,50.0,49.88414865139157
9.67,50.0,49.85429610819773
9.68,50.0,49.82447226827577
9.69,50.0,49.79467713162563
9.700000000000001,50.0,49.76491069824738
9.71,50.0,49.735172968140944
9.72,50.0,49.705463941306334
9.73,50.0,49.675783617743605
9.74,50.0,49.6461319974527
9.75,50.0,49.61650908043367
9.76,50.0,49.58691486668647
9.77,50.0,49.55734935621109
9.78,50.0,49.52781254900759
9.790000000000001,50.0,49.49830444507597
9.8,50.0,49.46882504441612
9.81,50.0,49.43937434702815
9.82,50.0,49.40995235291206
9.83,50.0,49.38055906206779
9.84,50.0,49.351194474495344
9.85,50.0,49.32185859019478
9.86,50.0,49.292552404905564
9.870000000000001,50.0,49.263276207062916
9.88,50.0,49.2340289203604
9.89,50.0,49.20481054479808
9.9,50.0,49.17562108037589
9.91,50.0,49.14646052709389
9.92,50.0,49.11732888495209
9.93,50.0,49.088226153950416
9.94,50.0,49.059152334088935
9.950000000000001,50.0,49.03010742536759
9.96,50.0,49.001091427786434
9.960376360226709,50.0,48.9999999455697
9.960376360226709,50.0,48.9999999455697
9.960376378134736,50.0,49.00000005443002
9.960376378134736,50.0,49.00000005443002
9.97,50.0,49.05835677258983
9.98,50.0,49.1189523550118
9.99,50.0,49.17907068362592
10.0,50.0,49.239136724351454
