case_id,source_type,case_category,ground_truth_fmu_count,ok,bundle_name,top1_hit,topk_hit,execution_success,execution_time_seconds,mae,rmse,nrmse,decision_correct,error,artifact_root
case_bench_fmu-001280,benchmark_single_fmu_case,simple,1,True,ablation_stage2_greedy_hybrid,True,True,True,18.76793739432469,0.07273835665401746,0.25552263319217094,0.028411667108221884,True,,runs/raw/all13_rerun_20260322T144536Z_ablation_stage2_greedy_hybrid/case_bench_fmu-001280
case_bench_fmu-001292,benchmark_single_fmu_case,simple,1,True,ablation_stage2_greedy_hybrid,True,True,True,30.911778956651688,0.0008199292368592185,0.0014400229241439946,0.001440088294359958,True,,runs/raw/all13_rerun_20260322T144536Z_ablation_stage2_greedy_hybrid/case_bench_fmu-001292
case_bench_fmu-001288,benchmark_single_fmu_case,simple,1,True,ablation_stage2_greedy_hybrid,True,True,True,31.10519125405699,0.09306180476619247,0.14074090406296733,0.029453709465792427,True,,runs/raw/all13_rerun_20260322T144536Z_ablation_stage2_greedy_hybrid/case_bench_fmu-001288
case_bench_fmu-001284,benchmark_single_fmu_case,simple,1,True,ablation_stage2_greedy_hybrid,True,True,True,31.134405146818608,0.37376237623762376,0.6103683354749778,0.3024189858049406,False,,runs/raw/all13_rerun_20260322T144536Z_ablation_stage2_greedy_hybrid/case_bench_fmu-001284
case_bench_fmu-001524,benchmark_single_fmu_case,complex,1,True,ablation_stage2_greedy_hybrid,False,False,True,0.5678989589214325,4.307537586207421,4.6888753699884065,1.0,False,,runs/raw/all13_rerun_20260322T144536Z_ablation_stage2_greedy_hybrid/case_bench_fmu-001524
case_bench_fmu-001539,benchmark_single_fmu_case,simple,1,True,ablation_stage2_greedy_hybrid,True,True,True,0.582488926127553,0.37376237623762376,0.6103683354749778,0.3024189858049406,False,,runs/raw/all13_rerun_20260322T144536Z_ablation_stage2_greedy_hybrid/case_bench_fmu-001539
case_bench_fmu-001535,benchmark_single_fmu_case,simple,1,True,ablation_stage2_greedy_hybrid,True,True,True,0.9743562652729452,0.008991008991008992,0.0948209311861521,0.00948209311861521,True,,runs/raw/all13_rerun_20260322T144536Z_ablation_stage2_greedy_hybrid/case_bench_fmu-001535
case_bench_fmu-001543,benchmark_single_fmu_case,simple,1,True,ablation_stage2_greedy_hybrid,True,True,True,0.6536976890638471,0.00440901124496866,0.009657274213687676,0.00965771260816764,True,,runs/raw/all13_rerun_20260322T144536Z_ablation_stage2_greedy_hybrid/case_bench_fmu-001543
case_bench_fmu-001541,benchmark_single_fmu_case,simple,1,True,ablation_stage2_greedy_hybrid,True,True,True,0.9314108802936971,0.09306180476619247,0.14074090406296733,0.029453709465792427,True,,runs/raw/all13_rerun_20260322T144536Z_ablation_stage2_greedy_hybrid/case_bench_fmu-001541
case_bench_fmu-001555,benchmark_single_fmu_case,simple,1,True,ablation_stage2_greedy_hybrid,True,True,True,0.5310082300566137,0.07273835665401746,0.25552263319217094,0.028411667108221884,True,,runs/raw/all13_rerun_20260322T144536Z_ablation_stage2_greedy_hybrid/case_bench_fmu-001555
case_bench_fmu-001559,benchmark_single_fmu_case,simple,1,True,ablation_stage2_greedy_hybrid,True,True,True,0.7042545601725578,0.37376237623762376,0.6103683354749778,0.3024189858049406,False,,runs/raw/all13_rerun_20260322T144536Z_ablation_stage2_greedy_hybrid/case_bench_fmu-001559
case_bench_fmu-001563,benchmark_single_fmu_case,simple,1,True,ablation_stage2_greedy_hybrid,True,True,True,0.930608969181776,0.09306180476619247,0.14074090406296733,0.029453709465792427,True,,runs/raw/all13_rerun_20260322T144536Z_ablation_stage2_greedy_hybrid/case_bench_fmu-001563
case_bench_fmu-001567,benchmark_single_fmu_case,simple,1,True,ablation_stage2_greedy_hybrid,True,True,True,0.8841697378084064,0.0008199292368592185,0.0014400229241439946,0.001440088294359958,True,,runs/raw/all13_rerun_20260322T144536Z_ablation_stage2_greedy_hybrid/case_bench_fmu-001567
case_bench_fmu-001569,benchmark_single_fmu_case,simple,1,True,ablation_stage2_greedy_hybrid,False,False,True,0.6617959360592067,28.000000000000078,28.160255680657524,1.0,False,,runs/raw/all13_rerun_20260322T144536Z_ablation_stage2_greedy_hybrid/case_bench_fmu-001569
case_bench_fmu-001570,benchmark_single_fmu_case,simple,1,True,ablation_stage2_greedy_hybrid,True,True,True,0.4980293670669198,0.1248515763546484,0.19964056605934882,0.04277522636793146,True,,runs/raw/all13_rerun_20260322T144536Z_ablation_stage2_greedy_hybrid/case_bench_fmu-001570
case_bench_fmu-001571,benchmark_single_fmu_case,simple,1,True,ablation_stage2_greedy_hybrid,False,False,True,0.5889289784245193,43.442640703146,43.442640703146,1.0,False,,runs/raw/all13_rerun_20260322T144536Z_ablation_stage2_greedy_hybrid/case_bench_fmu-001571
case_bench_fmu-001573,benchmark_single_fmu_case,simple,1,True,ablation_stage2_greedy_hybrid,True,True,True,0.6952479369938374,0.004300820359500659,0.005979794856218856,0.0016602907902848012,True,,runs/raw/all13_rerun_20260322T144536Z_ablation_stage2_greedy_hybrid/case_bench_fmu-001573
case_bench_fmu-001572,benchmark_single_fmu_case,simple,1,True,ablation_stage2_greedy_hybrid,True,True,True,1.0031979456543922,0.005570806095996394,0.010503658127964048,0.00023958735475656986,True,,runs/raw/all13_rerun_20260322T144536Z_ablation_stage2_greedy_hybrid/case_bench_fmu-001572
case_bench_fmu-001574,benchmark_single_fmu_case,simple,1,True,ablation_stage2_greedy_hybrid,True,True,True,0.7780977366492152,3.5372964572917107,4.657938484217712,0.10722042695439545,False,,runs/raw/all13_rerun_20260322T144536Z_ablation_stage2_greedy_hybrid/case_bench_fmu-001574
case_bench_fmu-001575,benchmark_single_fmu_case,simple,1,True,ablation_stage2_greedy_hybrid,False,False,True,0.6898938282392919,28.000000000000064,28.160255680657514,1.0,False,,runs/raw/all13_rerun_20260322T144536Z_ablation_stage2_greedy_hybrid/case_bench_fmu-001575
case_bench_fmu-001576,benchmark_single_fmu_case,complex,1,True,ablation_stage2_greedy_hybrid,True,True,True,0.7281587170436978,0.014730947958693057,0.027541393058158236,0.00762815283741794,True,,runs/raw/all13_rerun_20260322T144536Z_ablation_stage2_greedy_hybrid/case_bench_fmu-001576
case_bench_fmu-001577,benchmark_single_fmu_case,simple,1,True,ablation_stage2_greedy_hybrid,False,False,True,0.6897763679735363,43.03202145861184,43.03202145861184,1.0,False,,runs/raw/all13_rerun_20260322T144536Z_ablation_stage2_greedy_hybrid/case_bench_fmu-001577
case_bench_fmu-001578,benchmark_single_fmu_case,simple,1,True,ablation_stage2_greedy_hybrid,False,False,True,0.6806473606266081,28.000000000000064,28.160255680657514,1.0,False,,runs/raw/all13_rerun_20260322T144536Z_ablation_stage2_greedy_hybrid/case_bench_fmu-001578
case_bench_fmu-001579,benchmark_single_fmu_case,complex,1,True,ablation_stage2_greedy_hybrid,False,False,True,0.47987543093040586,4.307496493730778,4.688809679811409,1.0,False,,runs/raw/all13_rerun_20260322T144536Z_ablation_stage2_greedy_hybrid/case_bench_fmu-001579
case_bench_fmu-001580,benchmark_single_fmu_case,simple,1,True,ablation_stage2_greedy_hybrid,False,False,True,0.5923020811751485,43.03202145861184,43.03202145861184,1.0,False,,runs/raw/all13_rerun_20260322T144536Z_ablation_stage2_greedy_hybrid/case_bench_fmu-001580
case_bench_fmu-001582,benchmark_single_fmu_case,simple,1,True,ablation_stage2_greedy_hybrid,False,False,True,0.561742833815515,4.307496493730778,4.688809679811409,1.0,False,,runs/raw/all13_rerun_20260322T144536Z_ablation_stage2_greedy_hybrid/case_bench_fmu-001582
case_bench_fmu-001581,benchmark_single_fmu_case,simple,1,True,ablation_stage2_greedy_hybrid,False,False,True,0.7841736800037324,28.000000000000064,28.160255680657514,1.0,False,,runs/raw/all13_rerun_20260322T144536Z_ablation_stage2_greedy_hybrid/case_bench_fmu-001581
case_bench_fmu-001583,benchmark_single_fmu_case,simple,1,True,ablation_stage2_greedy_hybrid,True,True,True,0.6981822261586785,3.430786459454397,4.45245321977421,0.10346837236211587,False,,runs/raw/all13_rerun_20260322T144536Z_ablation_stage2_greedy_hybrid/case_bench_fmu-001583
case_bench_fmu-001586,benchmark_single_fmu_case,simple,1,True,ablation_stage2_greedy_hybrid,False,False,True,0.5584417162463069,28.000000000000064,28.160255680657514,1.0,False,,runs/raw/all13_rerun_20260322T144536Z_ablation_stage2_greedy_hybrid/case_bench_fmu-001586
case_bench_fmu-001584,benchmark_single_fmu_case,simple,1,True,ablation_stage2_greedy_hybrid,False,False,True,0.7805928150191903,28.000000000000064,28.160255680657514,1.0,False,,runs/raw/all13_rerun_20260322T144536Z_ablation_stage2_greedy_hybrid/case_bench_fmu-001584
case_bench_fmu-001587,benchmark_single_fmu_case,complex,1,True,ablation_stage2_greedy_hybrid,True,True,True,0.695890189614147,0.004300820359499797,0.005979794856217453,0.0016602907902844544,True,,runs/raw/all13_rerun_20260322T144536Z_ablation_stage2_greedy_hybrid/case_bench_fmu-001587
case_bench_fmu-001588,benchmark_single_fmu_case,simple,1,True,ablation_stage2_greedy_hybrid,False,False,True,0.5216412008740008,43.03202145861184,43.03202145861184,1.0,False,,runs/raw/all13_rerun_20260322T144536Z_ablation_stage2_greedy_hybrid/case_bench_fmu-001588
case_bench_fmu-001589,benchmark_single_fmu_case,simple,1,True,ablation_stage2_greedy_hybrid,False,False,True,0.6825830182060599,28.000000000000064,28.160255680657514,1.0,False,,runs/raw/all13_rerun_20260322T144536Z_ablation_stage2_greedy_hybrid/case_bench_fmu-001589
case_bench_fmu-001590,benchmark_single_fmu_case,complex,1,True,ablation_stage2_greedy_hybrid,True,True,True,0.6244549909606576,0.004300820359499797,0.005979794856217453,0.0016602907902844544,True,,runs/raw/all13_rerun_20260322T144536Z_ablation_stage2_greedy_hybrid/case_bench_fmu-001590
case_bench_fmu-001591,benchmark_single_fmu_case,simple,1,True,ablation_stage2_greedy_hybrid,False,False,True,0.6038137110881507,43.03202145861184,43.03202145861184,1.0,False,,runs/raw/all13_rerun_20260322T144536Z_ablation_stage2_greedy_hybrid/case_bench_fmu-001591
case_bench_fmu-001592,benchmark_single_fmu_case,simple,1,True,ablation_stage2_greedy_hybrid,False,False,True,0.6183620942756534,28.000000000000064,28.160255680657514,1.0,False,,runs/raw/all13_rerun_20260322T144536Z_ablation_stage2_greedy_hybrid/case_bench_fmu-001592
case_bench_fmu-001593,benchmark_single_fmu_case,complex,1,True,ablation_stage2_greedy_hybrid,True,True,True,0.639598767273128,0.12485157635464761,0.19964056605934882,0.042775226367931456,True,,runs/raw/all13_rerun_20260322T144536Z_ablation_stage2_greedy_hybrid/case_bench_fmu-001593
case_bench_fmu-001594,benchmark_single_fmu_case,simple,1,True,ablation_stage2_greedy_hybrid,True,True,True,0.7912492365576327,3.430786459454397,4.45245321977421,0.10346837236211587,False,,runs/raw/all13_rerun_20260322T144536Z_ablation_stage2_greedy_hybrid/case_bench_fmu-001594
case_bench_fmu-001595,benchmark_single_fmu_case,simple,1,True,ablation_stage2_greedy_hybrid,True,True,False,0.7430202458053827,,,,False,,runs/raw/all13_rerun_20260322T144536Z_ablation_stage2_greedy_hybrid/case_bench_fmu-001595
case_bench_fmu-001597,benchmark_single_fmu_case,simple,1,True,ablation_stage2_greedy_hybrid,False,False,True,0.4580463580787182,0.999492326222693,0.9994924551544722,1.0,False,,runs/raw/all13_rerun_20260322T144536Z_ablation_stage2_greedy_hybrid/case_bench_fmu-001597
case_bench_fmu-001598,benchmark_single_fmu_case,simple,1,True,ablation_stage2_greedy_hybrid,False,False,False,0.19349613226950169,,,,False,,runs/raw/all13_rerun_20260322T144536Z_ablation_stage2_greedy_hybrid/case_bench_fmu-001598
case_bench_fmu-001600,benchmark_single_fmu_case,simple,1,True,ablation_stage2_greedy_hybrid,False,False,True,0.6798961162567139,1.883833949042291e-05,1.8838339490422914e-05,1.0,False,,runs/raw/all13_rerun_20260322T144536Z_ablation_stage2_greedy_hybrid/case_bench_fmu-001600
case_bench_fmu-001605,benchmark_single_fmu_case,simple,1,True,ablation_stage2_greedy_hybrid,False,False,True,0.7985035949386656,3.7892129191962707,5.1720245612517735,0.8221609331211399,False,,runs/raw/all13_rerun_20260322T144536Z_ablation_stage2_greedy_hybrid/case_bench_fmu-001605
case_bench_fmu-001613,benchmark_single_fmu_case,simple,1,True,ablation_stage2_greedy_hybrid,False,False,True,0.763399210292846,2.3215,3.9096566345396626,1.0,False,,runs/raw/all13_rerun_20260322T144536Z_ablation_stage2_greedy_hybrid/case_bench_fmu-001613
case_bench_fmu-001621,benchmark_single_fmu_case,simple,1,True,ablation_stage2_greedy_hybrid,False,False,True,1.1312004420906305,1.0,1.0,1.0,False,,runs/raw/all13_rerun_20260322T144536Z_ablation_stage2_greedy_hybrid/case_bench_fmu-001621
case_bench_fmu-001629,benchmark_single_fmu_case,simple,1,True,ablation_stage2_greedy_hybrid,False,False,True,0.3667815402150154,57383.5105444988,303642.7424762411,1.0,False,,runs/raw/all13_rerun_20260322T144536Z_ablation_stage2_greedy_hybrid/case_bench_fmu-001629
case_bench_fmu-001657,benchmark_single_fmu_case,simple,1,True,ablation_stage2_greedy_hybrid,True,True,True,0.23995484877377748,0.07273835665401746,0.25552263319217094,0.028411667108221884,True,,runs/raw/all13_rerun_20260322T144536Z_ablation_stage2_greedy_hybrid/case_bench_fmu-001657
case_bench_fmu-001661,benchmark_single_fmu_case,simple,1,True,ablation_stage2_greedy_hybrid,True,True,True,0.1972482381388545,0.37376237623762376,0.6103683354749778,0.3024189858049406,False,,runs/raw/all13_rerun_20260322T144536Z_ablation_stage2_greedy_hybrid/case_bench_fmu-001661
case_bench_fmu-001665,benchmark_single_fmu_case,simple,1,True,ablation_stage2_greedy_hybrid,True,True,True,0.5201659039594233,0.09306180476619247,0.14074090406296733,0.029453709465792427,True,,runs/raw/all13_rerun_20260322T144536Z_ablation_stage2_greedy_hybrid/case_bench_fmu-001665
case_bench_fmu-001669,benchmark_single_fmu_case,simple,1,True,ablation_stage2_greedy_hybrid,True,True,True,0.45246491814032197,0.0008199292368592185,0.0014400229241439946,0.001440088294359958,True,,runs/raw/all13_rerun_20260322T144536Z_ablation_stage2_greedy_hybrid/case_bench_fmu-001669
case_bench_fmu-001746,benchmark_single_fmu_case,simple,1,True,ablation_stage2_greedy_hybrid,True,True,True,0.36415341729298234,0.07273835665401746,0.25552263319217094,0.028411667108221884,True,,runs/raw/all13_rerun_20260322T144536Z_ablation_stage2_greedy_hybrid/case_bench_fmu-001746
case_bench_fmu-001750,benchmark_single_fmu_case,simple,1,True,ablation_stage2_greedy_hybrid,True,True,True,0.8764386642724276,0.37376237623762376,0.6103683354749778,0.3024189858049406,False,,runs/raw/all13_rerun_20260322T144536Z_ablation_stage2_greedy_hybrid/case_bench_fmu-001750
case_bench_fmu-001754,benchmark_single_fmu_case,simple,1,True,ablation_stage2_greedy_hybrid,True,True,True,0.5587103888392448,0.09306180476619247,0.14074090406296733,0.029453709465792427,True,,runs/raw/all13_rerun_20260322T144536Z_ablation_stage2_greedy_hybrid/case_bench_fmu-001754
case_bench_fmu-001758,benchmark_single_fmu_case,simple,1,True,ablation_stage2_greedy_hybrid,True,True,True,0.8543239859864116,0.0008199292368592185,0.0014400229241439946,0.001440088294359958,True,,runs/raw/all13_rerun_20260322T144536Z_ablation_stage2_greedy_hybrid/case_bench_fmu-001758
case_bench_fmu-001776,benchmark_single_fmu_case,complex,1,True,ablation_stage2_greedy_hybrid,False,False,True,0.558088697027415,3.079684178426709,3.520870811798934,1.0,False,,runs/raw/all13_rerun_20260322T144536Z_ablation_stage2_greedy_hybrid/case_bench_fmu-001776
case_bench_fmu-001599,benchmark_single_fmu_case,simple,1,True,ablation_stage2_greedy_hybrid,False,False,True,8.482999605126679,2.2616119092779767,2.2617321149406804,1.0,False,,runs/raw/all13_rerun_20260322T144536Z_ablation_stage2_greedy_hybrid/case_bench_fmu-001599
case_bench_fmu-001930,benchmark_single_fmu_case,simple,1,True,ablation_stage2_greedy_hybrid,True,True,True,0.4880617861635983,0.07273835665401746,0.25552263319217094,0.028411667108221884,True,,runs/raw/all13_rerun_20260322T144536Z_ablation_stage2_greedy_hybrid/case_bench_fmu-001930
case_bench_fmu-001934,benchmark_single_fmu_case,simple,1,True,ablation_stage2_greedy_hybrid,True,True,True,0.5767220938578248,0.37376237623762376,0.6103683354749778,0.3024189858049406,False,,runs/raw/all13_rerun_20260322T144536Z_ablation_stage2_greedy_hybrid/case_bench_fmu-001934
case_bench_fmu-001523,benchmark_single_fmu_case,simple,1,True,ablation_stage2_greedy_hybrid,False,False,True,31.157650116365403,31.000000005100052,31.00000000510005,1.0,False,,runs/raw/all13_rerun_20260322T144536Z_ablation_stage2_greedy_hybrid/case_bench_fmu-001523
case_bench_fmu-001942,benchmark_single_fmu_case,simple,1,True,ablation_stage2_greedy_hybrid,True,True,True,1.0716745955869555,0.0008199292368592185,0.0014400229241439946,0.001440088294359958,True,,runs/raw/all13_rerun_20260322T144536Z_ablation_stage2_greedy_hybrid/case_bench_fmu-001942
case_bench_fmu-001938,benchmark_single_fmu_case,simple,1,True,ablation_stage2_greedy_hybrid,True,True,True,1.417114363051951,0.09306180476619247,0.14074090406296733,0.029453709465792427,True,,runs/raw/all13_rerun_20260322T144536Z_ablation_stage2_greedy_hybrid/case_bench_fmu-001938
case_bench_fmu-002019,benchmark_single_fmu_case,complex,1,True,ablation_stage2_greedy_hybrid,False,False,True,0.7472586338408291,3.079684178426709,3.520870811798934,1.0,False,,runs/raw/all13_rerun_20260322T144536Z_ablation_stage2_greedy_hybrid/case_bench_fmu-002019
case_bench_fmu-002241,benchmark_single_fmu_case,complex,1,True,ablation_stage2_greedy_hybrid,False,False,True,0.7438600710593164,3.079684178426709,3.520870811798934,1.0,False,,runs/raw/all13_rerun_20260322T144536Z_ablation_stage2_greedy_hybrid/case_bench_fmu-002241
case_bench_fmu-002268,benchmark_single_fmu_case,simple,1,True,ablation_stage2_greedy_hybrid,True,True,True,0.7239616219885647,0.008991008991008992,0.0948209311861521,0.00948209311861521,True,,runs/raw/all13_rerun_20260322T144536Z_ablation_stage2_greedy_hybrid/case_bench_fmu-002268
case_bench_fmu-002272,benchmark_single_fmu_case,simple,1,True,ablation_stage2_greedy_hybrid,True,True,True,0.6029648678377271,0.37376237623762376,0.6103683354749778,0.3024189858049406,False,,runs/raw/all13_rerun_20260322T144536Z_ablation_stage2_greedy_hybrid/case_bench_fmu-002272
case_bench_fmu-002276,benchmark_single_fmu_case,simple,1,True,ablation_stage2_greedy_hybrid,True,True,True,0.6675600069575012,0.00440901124496866,0.009657274213687676,0.00965771260816764,True,,runs/raw/all13_rerun_20260322T144536Z_ablation_stage2_greedy_hybrid/case_bench_fmu-002276
case_bench_fmu-002288,benchmark_single_fmu_case,simple,1,True,ablation_stage2_greedy_hybrid,True,True,True,0.5174249489791691,0.07273835665401746,0.25552263319217094,0.028411667108221884,True,,runs/raw/all13_rerun_20260322T144536Z_ablation_stage2_greedy_hybrid/case_bench_fmu-002288
case_bench_fmu-002274,benchmark_single_fmu_case,simple,1,True,ablation_stage2_greedy_hybrid,True,True,True,0.9901312827132642,0.09306180476619247,0.14074090406296733,0.029453709465792427,True,,runs/raw/all13_rerun_20260322T144536Z_ablation_stage2_greedy_hybrid/case_bench_fmu-002274
case_bench_fmu-002292,benchmark_single_fmu_case,simple,1,True,ablation_stage2_greedy_hybrid,True,True,True,0.3709052847698331,0.37376237623762376,0.6103683354749778,0.3024189858049406,False,,runs/raw/all13_rerun_20260322T144536Z_ablation_stage2_greedy_hybrid/case_bench_fmu-002292
case_bench_fmu-002300,benchmark_single_fmu_case,simple,1,True,ablation_stage2_greedy_hybrid,True,True,True,0.747396145015955,0.0008199292368592185,0.0014400229241439946,0.001440088294359958,True,,runs/raw/all13_rerun_20260322T144536Z_ablation_stage2_greedy_hybrid/case_bench_fmu-002300
case_bench_fmu-002296,benchmark_single_fmu_case,simple,1,True,ablation_stage2_greedy_hybrid,True,True,True,0.9992874660529196,0.09306180476619247,0.14074090406296733,0.029453709465792427,True,,runs/raw/all13_rerun_20260322T144536Z_ablation_stage2_greedy_hybrid/case_bench_fmu-002296
case_bench_fmu-002303,benchmark_single_fmu_case,simple,1,True,ablation_stage2_greedy_hybrid,True,True,True,0.6779285003431141,0.12585279993612114,0.20047321828594034,0.04023534093699893,True,,runs/raw/all13_rerun_20260322T144536Z_ablation_stage2_greedy_hybrid/case_bench_fmu-002303
case_bench_fmu-002302,benchmark_single_fmu_case,simple,1,True,ablation_stage2_greedy_hybrid,True,True,True,1.4575493386946619,0.013050035899081169,0.025081393344828208,0.0005721100335544509,True,,runs/raw/all13_rerun_20260322T144536Z_ablation_stage2_greedy_hybrid/case_bench_fmu-002302
case_bench_fmu-002306,benchmark_single_fmu_case,simple,1,True,ablation_stage2_greedy_hybrid,True,True,True,0.5607958268374205,0.12585279993612114,0.20047321828594034,0.04023534093699893,True,,runs/raw/all13_rerun_20260322T144536Z_ablation_stage2_greedy_hybrid/case_bench_fmu-002306
case_bench_fmu-002305,benchmark_single_fmu_case,simple,1,True,ablation_stage2_greedy_hybrid,True,True,True,1.412784727755934,0.013050035899081169,0.025081393344828208,0.0005721100335544509,True,,runs/raw/all13_rerun_20260322T144536Z_ablation_stage2_greedy_hybrid/case_bench_fmu-002305
case_bench_fmu-002308,benchmark_single_fmu_case,simple,1,True,ablation_stage2_greedy_hybrid,False,False,False,1.0472134137526155,,,,False,,runs/raw/all13_rerun_20260322T144536Z_ablation_stage2_greedy_hybrid/case_bench_fmu-002308
case_bench_fmu-002309,benchmark_single_fmu_case,simple,1,True,ablation_stage2_greedy_hybrid,True,True,True,0.5733885881491005,0.12536794547453728,0.20714477815486743,0.040081801946151824,True,,runs/raw/all13_rerun_20260322T144536Z_ablation_stage2_greedy_hybrid/case_bench_fmu-002309
case_bench_fmu-002310,benchmark_single_fmu_case,simple,1,True,ablation_stage2_greedy_hybrid,False,False,True,10.699434720911086,43.23809827677283,43.23809827677283,1.0,False,,runs/raw/all13_rerun_20260322T144536Z_ablation_stage2_greedy_hybrid/case_bench_fmu-002310
case_bench_fmu-002311,benchmark_single_fmu_case,simple,1,True,ablation_stage2_greedy_hybrid,False,False,False,0.9186946358531713,,,,False,,runs/raw/all13_rerun_20260322T144536Z_ablation_stage2_greedy_hybrid/case_bench_fmu-002311
case_bench_fmu-002312,benchmark_single_fmu_case,simple,1,True,ablation_stage2_greedy_hybrid,False,False,True,0.39166049426421523,4.544989062507463,4.965155948801182,1.0,False,,runs/raw/all13_rerun_20260322T144536Z_ablation_stage2_greedy_hybrid/case_bench_fmu-002312
case_bench_fmu-002304,benchmark_single_fmu_case,simple,1,True,ablation_stage2_greedy_hybrid,True,True,True,44.53127220598981,3.3180203596684685,4.4399277229564875,0.10238510137272168,False,,runs/raw/all13_rerun_20260322T144536Z_ablation_stage2_greedy_hybrid/case_bench_fmu-002304
case_bench_fmu-002314,benchmark_single_fmu_case,simple,1,True,ablation_stage2_greedy_hybrid,False,False,True,1.0285328477621078,27.999835987262163,28.16007512887758,1.0,False,,runs/raw/all13_rerun_20260322T144536Z_ablation_stage2_greedy_hybrid/case_bench_fmu-002314
case_bench_fmu-002315,benchmark_single_fmu_case,simple,1,True,ablation_stage2_greedy_hybrid,False,False,True,0.4441183879971504,4.544989062507463,4.965155948801182,1.0,False,,runs/raw/all13_rerun_20260322T144536Z_ablation_stage2_greedy_hybrid/case_bench_fmu-002315
case_bench_fmu-002307,benchmark_single_fmu_case,simple,1,True,ablation_stage2_greedy_hybrid,True,True,True,44.886647236999124,3.3180203596684685,4.4399277229564875,0.10238510137272168,False,,runs/raw/all13_rerun_20260322T144536Z_ablation_stage2_greedy_hybrid/case_bench_fmu-002307
case_bench_fmu-002317,benchmark_single_fmu_case,simple,1,True,ablation_stage2_greedy_hybrid,False,False,True,0.6356563409790397,28.000000000000064,28.160255680657514,1.0,False,,runs/raw/all13_rerun_20260322T144536Z_ablation_stage2_greedy_hybrid/case_bench_fmu-002317
case_bench_fmu-002319,benchmark_single_fmu_case,simple,1,True,ablation_stage2_greedy_hybrid,False,False,True,0.7181245172396302,27.999835987262163,28.16007512887758,1.0,False,,runs/raw/all13_rerun_20260322T144536Z_ablation_stage2_greedy_hybrid/case_bench_fmu-002319
case_bench_fmu-002320,benchmark_single_fmu_case,complex,1,True,ablation_stage2_greedy_hybrid,True,True,True,0.5303460997529328,1.5421572065332024e-15,2.3812294879814528e-15,6.350311427009004e-16,True,,runs/raw/all13_rerun_20260322T144536Z_ablation_stage2_greedy_hybrid/case_bench_fmu-002320
case_bench_fmu-001596,benchmark_single_fmu_case,complex,1,True,ablation_stage2_greedy_hybrid,True,True,True,63.06981279188767,0.09402364010939597,0.3869423084496839,0.002634110534329472,True,,runs/raw/all13_rerun_20260322T144536Z_ablation_stage2_greedy_hybrid/case_bench_fmu-001596
case_bench_fmu-002322,benchmark_single_fmu_case,simple,1,True,ablation_stage2_greedy_hybrid,False,False,True,0.663670102134347,27.999835987262163,28.16007512887758,1.0,False,,runs/raw/all13_rerun_20260322T144536Z_ablation_stage2_greedy_hybrid/case_bench_fmu-002322
case_bench_fmu-002323,benchmark_single_fmu_case,simple,1,True,ablation_stage2_greedy_hybrid,True,True,True,0.7747253058478236,0.12585279993612136,0.20047321828594059,0.04023534093699898,True,,runs/raw/all13_rerun_20260322T144536Z_ablation_stage2_greedy_hybrid/case_bench_fmu-002323
case_bench_fmu-002313,benchmark_single_fmu_case,simple,1,True,ablation_stage2_greedy_hybrid,True,True,True,39.081491911783814,3.3198458673898914,4.44063469218167,0.10270189645614328,False,,runs/raw/all13_rerun_20260322T144536Z_ablation_stage2_greedy_hybrid/case_bench_fmu-002313
case_bench_fmu-002325,benchmark_single_fmu_case,simple,1,True,ablation_stage2_greedy_hybrid,False,False,True,0.5612627449445426,27.999835987262163,28.16007512887758,1.0,False,,runs/raw/all13_rerun_20260322T144536Z_ablation_stage2_greedy_hybrid/case_bench_fmu-002325
case_bench_fmu-002326,benchmark_single_fmu_case,simple,1,True,ablation_stage2_greedy_hybrid,True,True,True,0.533526474609971,0.12585279993612136,0.20047321828594059,0.04023534093699898,True,,runs/raw/all13_rerun_20260322T144536Z_ablation_stage2_greedy_hybrid/case_bench_fmu-002326
case_bench_fmu-002316,benchmark_single_fmu_case,simple,1,True,ablation_stage2_greedy_hybrid,False,False,True,10.35508330911398,43.23809827677283,43.23809827677283,1.0,False,,runs/raw/all13_rerun_20260322T144536Z_ablation_stage2_greedy_hybrid/case_bench_fmu-002316
case_bench_fmu-002321,benchmark_single_fmu_case,simple,1,True,ablation_stage2_greedy_hybrid,False,False,True,9.920154375955462,43.23809827677283,43.23809827677283,1.0,False,,runs/raw/all13_rerun_20260322T144536Z_ablation_stage2_greedy_hybrid/case_bench_fmu-002321
case_bench_fmu-002324,benchmark_single_fmu_case,simple,1,True,ablation_stage2_greedy_hybrid,True,True,True,25.480715211015195,3.3198458673898914,4.44063469218167,0.10270189645614328,False,,runs/raw/all13_rerun_20260322T144536Z_ablation_stage2_greedy_hybrid/case_bench_fmu-002324
case_bench_fmu-002327,benchmark_single_fmu_case,simple,1,True,ablation_stage2_greedy_hybrid,True,True,True,22.013181447051466,3.3198458673898914,4.44063469218167,0.10270189645614328,False,,runs/raw/all13_rerun_20260322T144536Z_ablation_stage2_greedy_hybrid/case_bench_fmu-002327
case_bench_fmu-002340,benchmark_single_fmu_case,simple,1,True,ablation_stage2_greedy_hybrid,False,False,True,20.85386518901214,138.1921925051729,238.06483305285738,1.0,False,,runs/raw/all13_rerun_20260322T144536Z_ablation_stage2_greedy_hybrid/case_bench_fmu-002340
case_bench_fmu-002336,benchmark_single_fmu_case,complex,1,True,ablation_stage2_greedy_hybrid,False,False,True,30.44490937469527,3.079684178426709,3.520870811798934,1.0,False,,runs/raw/all13_rerun_20260322T144536Z_ablation_stage2_greedy_hybrid/case_bench_fmu-002336
case_bench_fmu-002344,benchmark_single_fmu_case,simple,1,True,ablation_stage2_greedy_hybrid,False,False,True,0.3773707402870059,2.260367651202335,2.26048184747131,1.0,False,,runs/raw/all13_rerun_20260322T144536Z_ablation_stage2_greedy_hybrid/case_bench_fmu-002344
case_bench_fmu-002345,benchmark_single_fmu_case,simple,1,True,ablation_stage2_greedy_hybrid,False,False,True,0.2059686752036214,1.879841442842391e-05,1.879841442842391e-05,1.0,False,,runs/raw/all13_rerun_20260322T144536Z_ablation_stage2_greedy_hybrid/case_bench_fmu-002345
case_bench_fmu-002349,benchmark_single_fmu_case,simple,1,True,ablation_stage2_greedy_hybrid,False,False,True,0.5127287213690579,1397441982.7,2208924002.272586,1.0,False,,runs/raw/all13_rerun_20260322T144536Z_ablation_stage2_greedy_hybrid/case_bench_fmu-002349
case_bench_fmu-002350,benchmark_single_fmu_case,simple,1,True,ablation_stage2_greedy_hybrid,False,False,True,0.44997827196493745,3.0,4.123105625617661,1.0,False,,runs/raw/all13_rerun_20260322T144536Z_ablation_stage2_greedy_hybrid/case_bench_fmu-002350
case_bench_fmu-002351,benchmark_single_fmu_case,simple,1,True,ablation_stage2_greedy_hybrid,True,True,False,0.2798207690939307,,,,False,,runs/raw/all13_rerun_20260322T144536Z_ablation_stage2_greedy_hybrid/case_bench_fmu-002351
case_bench_fmu-002352,benchmark_single_fmu_case,simple,1,True,ablation_stage2_greedy_hybrid,False,False,True,0.43600823311135173,10963.833333333334,26750.263565679747,1.0,False,,runs/raw/all13_rerun_20260322T144536Z_ablation_stage2_greedy_hybrid/case_bench_fmu-002352
case_bench_fmu-002360,benchmark_single_fmu_case,simple,1,True,ablation_stage2_greedy_hybrid,False,False,True,0.48596179531887174,3.7892129191962707,5.1720245612517735,0.8221609331211399,False,,runs/raw/all13_rerun_20260322T144536Z_ablation_stage2_greedy_hybrid/case_bench_fmu-002360
case_bench_fmu-002368,benchmark_single_fmu_case,simple,1,True,ablation_stage2_greedy_hybrid,False,False,True,0.4555247100070119,2.3215,3.9096566345396626,1.0,False,,runs/raw/all13_rerun_20260322T144536Z_ablation_stage2_greedy_hybrid/case_bench_fmu-002368
case_bench_fmu-002376,benchmark_single_fmu_case,simple,1,True,ablation_stage2_greedy_hybrid,False,False,True,0.6888354611583054,1.0,1.0,1.0,False,,runs/raw/all13_rerun_20260322T144536Z_ablation_stage2_greedy_hybrid/case_bench_fmu-002376
case_bench_fmu-002384,benchmark_single_fmu_case,simple,1,True,ablation_stage2_greedy_hybrid,True,True,True,0.7824949938803911,2.4665713542746886e-11,7.625284618363354e-11,3.0143129765399282e-05,True,,runs/raw/all13_rerun_20260322T144536Z_ablation_stage2_greedy_hybrid/case_bench_fmu-002384
case_bench_fmu-002410,benchmark_single_fmu_case,simple,1,True,ablation_stage2_greedy_hybrid,True,True,True,0.1738719828426838,0.07273835665401746,0.25552263319217094,0.028411667108221884,True,,runs/raw/all13_rerun_20260322T144536Z_ablation_stage2_greedy_hybrid/case_bench_fmu-002410
case_bench_fmu-002414,benchmark_single_fmu_case,simple,1,True,ablation_stage2_greedy_hybrid,True,True,True,0.18133531091734767,0.37376237623762376,0.6103683354749778,0.3024189858049406,False,,runs/raw/all13_rerun_20260322T144536Z_ablation_stage2_greedy_hybrid/case_bench_fmu-002414
case_bench_fmu-002418,benchmark_single_fmu_case,simple,1,True,ablation_stage2_greedy_hybrid,True,True,True,0.38480741204693913,0.09306180476619247,0.14074090406296733,0.029453709465792427,True,,runs/raw/all13_rerun_20260322T144536Z_ablation_stage2_greedy_hybrid/case_bench_fmu-002418
case_bench_fmu-002422,benchmark_single_fmu_case,simple,1,True,ablation_stage2_greedy_hybrid,True,True,True,0.2572922217659652,0.0008199292368592185,0.0014400229241439946,0.001440088294359958,True,,runs/raw/all13_rerun_20260322T144536Z_ablation_stage2_greedy_hybrid/case_bench_fmu-002422
case_bench_fmu-002452,benchmark_single_fmu_case,complex,1,True,ablation_stage2_greedy_hybrid,False,False,True,0.2908932068385184,3.079684178426709,3.520870811798934,1.0,False,,runs/raw/all13_rerun_20260322T144536Z_ablation_stage2_greedy_hybrid/case_bench_fmu-002452
case_bench_fmu-002550,benchmark_single_fmu_case,simple,1,True,ablation_stage2_greedy_hybrid,True,True,True,0.19564064498990774,0.07273835665401746,0.25552263319217094,0.028411667108221884,True,,runs/raw/all13_rerun_20260322T144536Z_ablation_stage2_greedy_hybrid/case_bench_fmu-002550
case_bench_fmu-002554,benchmark_single_fmu_case,simple,1,True,ablation_stage2_greedy_hybrid,True,True,True,0.20321602001786232,0.37376237623762376,0.6103683354749778,0.3024189858049406,False,,runs/raw/all13_rerun_20260322T144536Z_ablation_stage2_greedy_hybrid/case_bench_fmu-002554
case_bench_fmu-002558,benchmark_single_fmu_case,simple,1,True,ablation_stage2_greedy_hybrid,True,True,True,0.3326393971219659,0.09306180476619247,0.14074090406296733,0.029453709465792427,True,,runs/raw/all13_rerun_20260322T144536Z_ablation_stage2_greedy_hybrid/case_bench_fmu-002558
case_bench_fmu-002562,benchmark_single_fmu_case,simple,1,True,ablation_stage2_greedy_hybrid,True,True,True,0.49371477821841836,0.0008199292368592185,0.0014400229241439946,0.001440088294359958,True,,runs/raw/all13_rerun_20260322T144536Z_ablation_stage2_greedy_hybrid/case_bench_fmu-002562
case_bench_fmu-002342,benchmark_single_fmu_case,simple,1,True,ablation_stage2_greedy_hybrid,False,False,False,16.474047867115587,,,,False,,runs/raw/all13_rerun_20260322T144536Z_ablation_stage2_greedy_hybrid/case_bench_fmu-002342
case_bench_fmu-002702,benchmark_single_fmu_case,complex,1,True,ablation_stage2_greedy_hybrid,False,False,True,0.4361334601417184,3.854753782729089,4.339865732590552,1.0,,,runs/raw/all13_rerun_20260322T144536Z_ablation_stage2_greedy_hybrid/case_bench_fmu-002702
case_bench_fmu-002704,benchmark_single_fmu_case,complex,1,True,ablation_stage2_greedy_hybrid,False,False,True,0.48778467206284404,3.8511163391330543,4.336937720363654,1.0,,,runs/raw/all13_rerun_20260322T144536Z_ablation_stage2_greedy_hybrid/case_bench_fmu-002704
case_bench_fmu-002707,benchmark_single_fmu_case,complex,1,True,ablation_stage2_greedy_hybrid,False,False,True,0.36340941209346056,3.854591485028132,4.339851875956475,1.0,,,runs/raw/all13_rerun_20260322T144536Z_ablation_stage2_greedy_hybrid/case_bench_fmu-002707
case_bench_fmu-002710,benchmark_single_fmu_case,complex,1,True,ablation_stage2_greedy_hybrid,False,False,True,0.3850495181977749,3.854591485028132,4.339851875956475,1.0,,,runs/raw/all13_rerun_20260322T144536Z_ablation_stage2_greedy_hybrid/case_bench_fmu-002710
case_bench_fmu-002736,benchmark_single_fmu_case,complex,1,True,ablation_stage2_greedy_hybrid,False,False,False,0.4606779138557613,,,,False,,runs/raw/all13_rerun_20260322T144536Z_ablation_stage2_greedy_hybrid/case_bench_fmu-002736
case_bench_fmu-002739,benchmark_single_fmu_case,complex,1,True,ablation_stage2_greedy_hybrid,False,False,False,0.3860399662517011,,,,False,,runs/raw/all13_rerun_20260322T144536Z_ablation_stage2_greedy_hybrid/case_bench_fmu-002739
case_bench_fmu-002744,benchmark_single_fmu_case,complex,1,True,ablation_stage2_greedy_hybrid,False,False,True,0.48810678580775857,3.854753782729089,4.339865732590552,1.0,,,runs/raw/all13_rerun_20260322T144536Z_ablation_stage2_greedy_hybrid/case_bench_fmu-002744
case_bench_fmu-002746,benchmark_single_fmu_case,complex,1,True,ablation_stage2_greedy_hybrid,False,False,True,0.5003445548936725,3.8511163391330543,4.336937720363654,1.0,,,runs/raw/all13_rerun_20260322T144536Z_ablation_stage2_greedy_hybrid/case_bench_fmu-002746
case_bench_fmu-002749,benchmark_single_fmu_case,complex,1,True,ablation_stage2_greedy_hybrid,False,False,True,0.4927723556756973,3.854591485028132,4.339851875956475,1.0,,,runs/raw/all13_rerun_20260322T144536Z_ablation_stage2_greedy_hybrid/case_bench_fmu-002749
case_bench_fmu-002752,benchmark_single_fmu_case,complex,1,True,ablation_stage2_greedy_hybrid,False,False,True,0.42496997443959117,3.854591485028132,4.339851875956475,1.0,,,runs/raw/all13_rerun_20260322T144536Z_ablation_stage2_greedy_hybrid/case_bench_fmu-002752
case_bench_fmu-002777,benchmark_single_fmu_case,complex,1,True,ablation_stage2_greedy_hybrid,False,False,True,0.31921880785375834,3.854753782729089,4.339865732590552,1.0,,,runs/raw/all13_rerun_20260322T144536Z_ablation_stage2_greedy_hybrid/case_bench_fmu-002777
case_bench_fmu-002779,benchmark_single_fmu_case,complex,1,True,ablation_stage2_greedy_hybrid,False,False,True,0.49147034902125597,3.8511163391330543,4.336937720363654,1.0,,,runs/raw/all13_rerun_20260322T144536Z_ablation_stage2_greedy_hybrid/case_bench_fmu-002779
case_bench_fmu-002782,benchmark_single_fmu_case,complex,1,True,ablation_stage2_greedy_hybrid,False,False,False,0.46873654425144196,,,,False,,runs/raw/all13_rerun_20260322T144536Z_ablation_stage2_greedy_hybrid/case_bench_fmu-002782
case_bench_fmu-002785,benchmark_single_fmu_case,complex,1,True,ablation_stage2_greedy_hybrid,False,False,False,0.46182753425091505,,,,False,,runs/raw/all13_rerun_20260322T144536Z_ablation_stage2_greedy_hybrid/case_bench_fmu-002785
case_bench_fmu-002811,benchmark_single_fmu_case,complex,1,True,ablation_stage2_greedy_hybrid,False,False,False,0.5258813379332423,,,,False,,runs/raw/all13_rerun_20260322T144536Z_ablation_stage2_greedy_hybrid/case_bench_fmu-002811
case_bench_fmu-002814,benchmark_single_fmu_case,complex,1,True,ablation_stage2_greedy_hybrid,False,False,False,0.6491859899833798,,,,False,,runs/raw/all13_rerun_20260322T144536Z_ablation_stage2_greedy_hybrid/case_bench_fmu-002814
case_dtaas_drobotti_rmqfmu,dtaas_multi_fmu_case,complex,2,True,ablation_stage2_greedy_hybrid,False,True,True,0.5310248578898609,0.0,0.0,0.0,True,,runs/raw/all13_rerun_20260322T144536Z_ablation_stage2_greedy_hybrid/case_dtaas_drobotti_rmqfmu
case_dtaas_flex_cell,dtaas_multi_fmu_case,complex,3,True,ablation_stage2_greedy_hybrid,False,True,True,1.1168196182698011,0.0,0.0,0.0,True,,runs/raw/all13_rerun_20260322T144536Z_ablation_stage2_greedy_hybrid/case_dtaas_flex_cell
case_dtaas_mass_spring_damper,dtaas_multi_fmu_case,complex,2,True,ablation_stage2_greedy_hybrid,False,True,True,0.704251301009208,,,,True,,runs/raw/all13_rerun_20260322T144536Z_ablation_stage2_greedy_hybrid/case_dtaas_mass_spring_damper
case_dtaas_incubator_nurv_monitor_validation,dtaas_multi_fmu_case,complex,5,True,ablation_stage2_greedy_hybrid,False,False,True,4.174480396322906,0.0,0.0,0.0,True,,runs/raw/all13_rerun_20260322T144536Z_ablation_stage2_greedy_hybrid/case_dtaas_incubator_nurv_monitor_validation
case_dtaas_three_tank,dtaas_multi_fmu_case,complex,3,True,ablation_stage2_greedy_hybrid,False,False,True,0.34334138315171003,,,,,,runs/raw/all13_rerun_20260322T144536Z_ablation_stage2_greedy_hybrid/case_dtaas_three_tank
case_dtaas_water_tank_fi,dtaas_multi_fmu_case,complex,2,True,ablation_stage2_greedy_hybrid,False,True,False,0.49836339009925723,,,,False,,runs/raw/all13_rerun_20260322T144536Z_ablation_stage2_greedy_hybrid/case_dtaas_water_tank_fi
case_dtaas_mass_spring_damper_monitor,dtaas_multi_fmu_case,complex,5,True,ablation_stage2_greedy_hybrid,False,False,True,3.2676446358673275,2.812056407119194,11.686824692592513,0.36232905972095,False,,runs/raw/all13_rerun_20260322T144536Z_ablation_stage2_greedy_hybrid/case_dtaas_mass_spring_damper_monitor
case_dtaas_water_tank_fi_monitor,dtaas_multi_fmu_case,complex,4,True,ablation_stage2_greedy_hybrid,False,False,False,0.9485440240241587,,,,False,,runs/raw/all13_rerun_20260322T144536Z_ablation_stage2_greedy_hybrid/case_dtaas_water_tank_fi_monitor
case_dtaas_water_tank_swap,dtaas_multi_fmu_case,complex,4,True,ablation_stage2_greedy_hybrid,False,True,True,1.7189199361018836,0.35883850400933004,0.5574845114386491,0.35453811933273416,False,,runs/raw/all13_rerun_20260322T144536Z_ablation_stage2_greedy_hybrid/case_dtaas_water_tank_swap
case_manual_002,manual_multi_fmu_case,complex,3,True,ablation_stage2_greedy_hybrid,False,False,True,2.95138776069507,84.58414241052415,156.73250880164557,0.7270907135899175,,,runs/raw/all13_rerun_20260322T144536Z_ablation_stage2_greedy_hybrid/case_manual_002
case_bench_fmu-002341,benchmark_single_fmu_case,complex,1,True,ablation_stage2_greedy_hybrid,False,False,True,31.947530094068497,122.71338495046706,154.43211536965234,1.0,False,,runs/raw/all13_rerun_20260322T144536Z_ablation_stage2_greedy_hybrid/case_bench_fmu-002341
case_manual_001,manual_multi_fmu_case,complex,3,True,ablation_stage2_greedy_hybrid,False,True,True,4.725137448869646,9.554684878536182,20.455817996853806,0.7066102449356009,,,runs/raw/all13_rerun_20260322T144536Z_ablation_stage2_greedy_hybrid/case_manual_001
case_manual_003,manual_multi_fmu_case,complex,2,True,ablation_stage2_greedy_hybrid,False,True,True,1.4581773653626442,,,,False,,runs/raw/all13_rerun_20260322T144536Z_ablation_stage2_greedy_hybrid/case_manual_003
case_bench_fmu-002343,benchmark_single_fmu_case,simple,1,True,ablation_stage2_greedy_hybrid,False,False,False,31.140356692951173,,,,False,,runs/raw/all13_rerun_20260322T144536Z_ablation_stage2_greedy_hybrid/case_bench_fmu-002343
case_manual_004,manual_multi_fmu_case,complex,3,True,ablation_stage2_greedy_hybrid,False,True,True,1.5218415120616555,,,,,,runs/raw/all13_rerun_20260322T144536Z_ablation_stage2_greedy_hybrid/case_manual_004
case_manual_005,manual_multi_fmu_case,complex,3,True,ablation_stage2_greedy_hybrid,True,True,True,25.581728405784816,,,,False,,runs/raw/all13_rerun_20260322T144536Z_ablation_stage2_greedy_hybrid/case_manual_005
